Timestamp,Code,Loại,Tên hóa chất/Vật tư/Thiết bị,Tên Tiếng Anh/tên theo IUPAC,Công thức hóa chất,CAS,Nồng độ/Trạng thái,"Tình trạng chai, hộp",Vị trí,Email Address,Phân loại,Mục đích,Theo dõi,Ghi chú
11/29/2024 8:05:15,A001A,Hóa chất,,"1,10-Phenanthroline ",C12H8N2.H2O,5144-89-8,rắn,Còn nguyên,Tủ 3C-304B,,G,,,
11/29/2024 8:06:43,A001B,Hóa chất,,"1,10-Phenanthroline ",C12H8N2.H2O,5144-89-8,rắn,Còn nguyên,Tủ 3C-304B,,G,,,
11/29/2024 7:54:42,A002,Hóa chất,,2-Methyl- 1H-imidazole,C4H6NO2,693-89-1,RẮN,Đã mở,Tủ 3C-304B,,G,,,
11/29/2024 10:21:12,A003A,Hóa chất,KHÔNG,NEUTRAL RED,C15H17CIN4,553-24-2,RẮN,Đã mở,Tủ 3C-304B,,G,,,
11/29/2024 10:22:16,A003B,Hóa chất,KHÔNG,NEUTRAL RED,C15H17CIN4,553-24-2,RẮN,Đã mở,Tủ 3C-304B,,G,,,
11/29/2024 10:41:33,A003C,Hóa chất,KHÔNG,NEUTRAL RED,C15H17CIN4,553-24-2,RẮN,Đã mở,Tủ 3C-304B,,G,,,
11/29/2024 10:02:22,A003D,Hóa chất,,NEUTRAL RED,C15ClH17N4,553-24-2 ,RẮN,Đã mở,Tủ 3C-304B,,G,,,
12/31/2024,A003E,Hóa chất,,NEUTRAL RED,C15ClH17N4,553-24-2 ,RẮN,Đã mở,Tủ 3C-304B,,G,,,
11/29/2024 8:34:35,A004A,Hóa chất,,D-Mannitol,C6H14O6,69-65-8,RẮN,Còn nguyên,Tủ 3C-304B,,G,,,
11/29/2024 8:35:32,A004B,Hóa chất,,D-Mannitol,C6H14O6,69-65-8,rắn,Còn nguyên,Tủ 3C-304B,,G,,,
11/29/2024 8:35:59,A004C,Hóa chất,,D-Mannitol,C6H14O6,69-65-8,RẮN,Còn nguyên,Tủ 3C-304B,,G,,,
11/29/2024 8:36:28,A004D,Hóa chất,,D-Mannitol,C6H14O6,69-65-8,RẮN,Còn nguyên,Tủ 3C-304B,,G,,,
11/29/2024 8:37:01,A004E,Hóa chất,,D-Mannitol,C6H14O6,69-65-8,RẮN,Còn nguyên,Tủ 3C-304B,,G,,,
11/29/2024 8:37:31,A004F,Hóa chất,,D-Mannitol,C6H14O6,69-65-8,RẮN,Còn nguyên,Tủ 3C-304B,,G,,,
11/29/2024 8:37:55,A004G,Hóa chất,,D-Mannitol,C6H14O6,69-65-8,RẮN,Còn nguyên,Tủ 3C-304B,,G,,,
11/29/2024 8:38:24,A004H,Hóa chất,,D-Mannitol,C6H14O6,69-65-8,RẮN,Còn nguyên,Tủ 3C-304B,,G,,,
11/29/2024 8:39:07,A004I,Hóa chất,,D-Mannitol,C6H14O6,69-65-8,RẮN,Còn nguyên,Tủ 3C-304B,,G,,,
11/29/2024 8:39:37,A004J,Hóa chất,,D-Mannitol,C6H14O6,69-65-8,RẮN,Còn nguyên,Tủ 3C-304B,,G,,,
11/29/2024 8:08:06,A005A,Hóa chất,,L-TYROSINE,C9H1NO3,60-18-4,rắn,Còn nguyên,Tủ 3C-304B,,G,,,
11/29/2024 8:09:10,A005B,Hóa chất,,L-TYROSINE,C9H11NO3,60-18-4,RẮN,Còn nguyên,Tủ 3C-304B,,G,,,
11/29/2024 8:21:03,A005C,Hóa chất,,L-TYROSINE,C9H11NO3,60-18-4,RẮN,Còn nguyên,Tủ 3C-304B,,G,,,
11/29/2024 8:02:06,A006A,Hóa chất,,Hexadecyltrimethy lammonium bromide,C19H42BrN,57-09-0,rắn,Còn nguyên,Tủ 3C-304B,,G,,,
11/29/2024 8:12:50,A006B,Hóa chất,,Hexadecyltrimethylammonium bromide,C19H42BrN,57-09-0,rắn,Còn nguyên,Tủ 3C-304B,,G,,,
11/29/2024 8:13:58,A006C,Hóa chất,,Hexadecyltrimethylammonium bromide,C19H42BrN,57-09-0,RẮN,Còn nguyên,Tủ 3C-304B,,G,,,
11/29/2024 8:29:58,A006D,Hóa chất,,CETYL TRIMETHYL AMONI BROMIDE,C19H42BrN,57-09-0,RẮN,Còn nguyên,Tủ 3C-304B,,G,,,
11/29/2024 7:49:53,A007,Hóa chất,,Mordant black t,C20H12N3NaO7S,1787-67-7,rắn ,Đã mở,Tủ 3C-304B,,G,,,
11/29/2024 9:54:00,A007B,Hóa chất,KHÔNG,MORDANT BLACK T,C20H12N3NAO7S,1787-61-7,RẮN,Đã mở,Tủ 3C-304B,,G,,,
01/14/2025,A007C,Hóa chất,KHÔNG,MORDANT BLACK T,C20H12N3NAO7S,1787-61-7,RẮN,Đã mở,Tủ 3C-304B,,G,,,
11/29/2024 8:06:23,A008A,Hóa chất,,Methylene blue trihydrate,C16H18CIN3S.3H2O,7220-79-3,RẮN,Đã mở,Tủ 3C-304B,,G,,Thất lạc,
11/29/2024 10:03:46,A008B,Hóa chất,KHÔNG,METHYLENE BLUE TRIHYRATE,C16H18CIN3S.3H2O,7220-79-3,RẮN,Đã mở,Tủ 3C-304B,,G,,,
11/29/2024 10:05:31,A008C,Hóa chất,KHÔNG,Methylene blue trihydrate,C16H18CIN3S.3H2O,7220-79-3,RẮN,Đã mở,Tủ 3C-304B,,G,,,
1/2/2025,A008C,Hóa chất,KHÔNG,METHYLENE BLUE TRIHYRATE,C16H18CIN3S.3H2O,7220-79-3,RẮN,Đã mở,Tủ 3C-304B,,G,,,
11/29/2024 8:12:56,A008D,Hóa chất,,METHYLENE BLUE TRIHYRATE,C16H18CIN3S.3H2O,7220-79-3,RẮN,Còn nguyên,Tủ 3C-304B,,G,,,
01/14/2025,A008E,Hóa chất,KHÔNG,METHYLENE BLUE TRIHYRATE,C16H18CIN3S.3H2O,7220-79-3,RẮN,Đã mở,Tủ 3C-304B,,G,,,
11/29/2024 10:28:20,A009A,Hóa chất,,5-Sulfosalicylic acid dihydrate,C7H6O6S.2H2O,5965-83-3,rắn,Đã mở,Tủ 3B-304B,,D,,,
11/29/2024 10:06:55,A009B,Hóa chất,,5-Sulfosalicylic acid dihydrate,C7H6O6S.2H2O,5965-83-3,rắn,Còn nguyên,Tủ 3B-304B,,D,,,
11/29/2024 10:21:47,A009C,Hóa chất,,5-Sulfosalicylic acid dihydrate,C7H6O6S.2H2O,5965-83-3,rắn,Còn nguyên,Tủ 3B-304B,,D,,,
11/29/2024 8:25:48,A009D,Hóa chất,,5 Sulfosaliicylic acid dihydrate ,C7H6O6.2H2O,5965-83-3,RẮN,Đã mở,Tủ 3B-304B,,D,,,
11/29/2024 8:24:15,A009E,Hóa chất,,5 Sulfosalicylic acid dihydrate,C7H6O6.2H2O,5965-83-3,RẮN,Còn nguyên,Tủ 3B-304B,,D,,,
11/29/2024 7:52:07,A010A,Hóa chất,,Hydroxylammonium chloride,HONH3Cl,5470-11-1,rắn,Đã mở,Tủ 3C-304B,,G,,,
11/29/2024 9:10:04,A010B,Hóa chất,,Hydroxylammonium chloride,HONH3Cl,5470-11-1,rắn,Còn nguyên,Tủ 3C-304B,,G,,,
11/29/2024 9:14:57,A010C,Hóa chất,,Hydroxylammonium chloride,HONH3Cl,5470-11-1,rắn,Đã mở,Tủ 3C-304B,,G,,,
11/29/2024 8:01:01,A010D,Hóa chất,,HYDROXYLAMONIUM CHLORIDE,HONH3CL,5470-11-1,RẮN,Còn nguyên,Tủ 3C-304B,,G,,,
11/29/2024 7:55:06,A010E,Hóa chất,,Hydroxylamonium chloride,HONH3Cl,5470-11-1,rắn,Đã mở,Tủ 3C-304B,,G,,,
11/29/2024 7:54:08,A010F,Hóa chất,,Hydroxylamonium chloride,HONH3Cl,5470-11-1,rắn,Đã mở,Tủ 3C-304B,,G,,,
11/29/2024 7:58:22,A011A,Hóa chất,,INDIGO CARMINE,C16H8N2Na208S2,860-52-0,RẮN (1 THÙNG 12 HỘP),Đã mở,Tủ 3C-304B,,G,,Đã mở,
11/29/2024 9:44:10,A011B,Hóa chất,,INDIGO CARMINE,C16H8N2NA2O8S2,860-2-0,RẮN,Còn nguyên,Tủ 3C-304B,,G,,,
11/29/2024 9:39:20,A012,Hóa chất,Dầu soi kính hiển vi,microscopy- certistain- crystal violet- kristllviolett,C14H12O2,548-62-9,LỎNG,Còn nguyên,Tủ 3C-304B,,G,,,
PHE,A012B,Hóa chất,Dầu soi kính hiển vi,microscopy- certistain- crystal violet- kristllviolett,C14H12O2,548-62-9,LỎNG,Còn nguyên,Tủ 3C-304B,,G,,,
11/29/2024 8:10:16,A013,Hóa chất,,MELAMINE,C3H6N6,108-78-1,RẮN,Còn nguyên,Tủ 3C-304B,,G,,,
11/29/2024 8:02:46,A014,Hóa chất,DIHYDRAT,DIHYDRATE,C4H6O4Zn .2H2O,5970-45-6,RẮN,Đã mở,Tủ 3C-304B,,G,,,
11/29/2024 9:25:09,A015A,Hóa chất,,PHENOLPHTHALEIN,C20H14O4,KHÔNG,RẮN,Đã mở,Tủ 3C-304B,,G,,,
11/29/2024 7:49:56,A015B,Hóa chất,,PHENOLPHTHALEIN,C20H14O4,77-09-8,rắn,Đã mở,Tủ 3C-304B,,G,,,
11/29/2024 10:52:24,A015C,Hóa chất,,PHENOLPHTHALEIN,C20H14O4,77-09-8,rắn,Đã mở,Tủ 3C-304B,,G,,,
11/29/2024 8:15:59,A015D,Hóa chất,,PHENOLPHTHALEIN,C20H14O4,77-09-8,RẮN,Đã mở,Tủ 3C-304B,,G,,,
11/29/2024 8:07:48,A016A,Hóa chất,,GENTLAN VLOLET,C25H30N3Cl,548-62-9,rắn,Còn nguyên,Tủ 3C-304B,,G,,,
11/29/2024 8:09:18,A016B,Hóa chất,,GENTLAN VLOLET,C25H30N3Cl,548-62-9,rắn,Đã mở,Tủ 3C-304B,,G,,,
11/29/2024 8:10:15,A016C,Hóa chất,,GENTLAN VLOLET,C25H30N3Cl,548-62-9,RẮN,Đã mở,Tủ 3C-304B,,G,,,
11/29/2024 10:20:25,A016D,Hóa chất,,GENTLAN VLOLET,C25H30N3Cl,548-62-9,rắn,Đã mở,Tủ 3C-304B,,G,,,
11/29/2024 7:57:01,A017A,Hóa chất,,Methyl orange,C14H14O3N3SNa,547-58-0,rắn,Đã mở,Tủ 3C-304B,,G,,,
11/29/2024 7:59:41,A017B,Hóa chất,,METHYL ORANGE,C14H14O3N3SNa,547-58-0,rắn,Đã mở,Tủ 3C-304B,,G,,,
01/02/2025,A018,Hóa chất,,AQUACHECK,KHÔNG,KHÔNG,Que test,Đã mở,Tủ 3C-304B,,G,,,
11/29/2024 8:17:09,A019A,Hóa chất,,SILVER SULPHATE,Ag2SO4,KHONG,RẮN,Còn nguyên,Tủ 3C-304B,,G,,,
11/29/2024 8:38:26,A019B,Hóa chất,,Silver Sulfate,Ag2SO4,không,rắn,Đã mở,Tủ 3C-304B,,G,,,
11/29/2024 8:11:18,A020,Hóa chất,,METHYL RED,C15H1502N3,493-52-7,RẮN,Đã mở,Tủ 3C-304B,,G,,,
11/29/2024 7:50:34,A021,Hóa chất,,THIAMINE HYDROCHLORIDE,C12H17CIN4OS.HCL,67-03-8,RẮN,Còn nguyên,Tủ 3C-304B,,G,,,
11/29/2024 8:18:20,A022,Hóa chất,,FERPROIN INDICATOR SOLUTON,KHONG,KHONG,RẮN,Còn nguyên,Tủ 3C-304B,,G,,,
11/29/2024 10:02:14,A023A,Hóa chất,,COBALT NITRATE HEXAHYRATE,CO(NO3)2.6H2O,10026-22-9,RẮN,Còn nguyên,Tủ 2B-304B,,E,,,
11/29/2024 10:03:38,A023B,Hóa chất,,COBALT(II)NITRATE HEPXAHYDRATE,Co(NO3)2.6H2O,10026-22-9,RẮN,Đã mở,Tủ 2B-304B,,E,,,
11/29/2024 10:08:25,A023C,Hóa chất,,COBALT(II)NITRATE HEPXAHYDRATE,CO(NO3)2 6H2O,10026-22-9,RẮN,Còn nguyên,Tủ 2B-304B,,E,,,
11/29/2024 8:43:20,A024,Hóa chất,,L-Cysteine hydrohloride,không,7048-04-6,rắn,Còn nguyên,Tủ 3C-304B,,G,,,
11/29/2024 9:31:06,A025A,Hóa chất,,L-CYSTEINE,HSCH2CH(NH2)CO2H,52-90-4,RẮN,Còn nguyên,Tủ 3C-304B,,G,,,
01/02/2025,A025B,Hóa chất,,L-CYSTEINE,HSCH2CH(NH2)CO2H,52-90-4,RẮN,Còn nguyên,Tủ 3C-304B,,G,,,
11/29/2024 9:20:35,A026A,Hóa chất,,L-CYSTINE,C6H12N2O4S2,56-89-3,RẮN,Đã mở,Tủ 3C-304B,,G,,,
11/29/2024 9:24:05,A026B,Hóa chất,,L-CYSTINE,C6H12N2O4S2,56-89-3,RẮN,Đã mở,Tủ 3C-304B,,G,,,
11/29/2024 9:26:23,A026C,Hóa chất,,L-CYSTINE,C6H12N2O4S2,56-89-3,RẮN,Đã mở,Tủ 3C-304B,,G,,,
11/29/2024 9:53:17,A026D,Hóa chất,,L-CYSTINE,C6H12N2O4S2,56-89-3,RẮN,Đã mở,Tủ 3C-304B,,G,,,
11/29/2024 10:49:08,A027,Hóa chất,,ACETANILIDE ,C8H9NO,103-84-4,RẮN,Đã mở,Tủ 3C-304B,,G,,,
11/29/2024 10:05:15,A028,Hóa chất,,Dithizon,C6H5NHNHCSN:NC6H5,KHÔNG,rắn,Đã mở,Tủ 2C-304B,,G,,,
11/29/2024 10:23:40,A028B,Hóa chất,,Dithizon,C6H5NHNHCSN:NC6H5,,rắn,Đã mở,Tủ 2C-304B,,G,,,
11/29/2024 9:56:37,A028C,Hóa chất,,Dithizon,C6H5NHNHCSN:NC6H5,,rắn,Đã mở,Tủ 2C-304B,,G,,,
01/14/2025,A028D,Hóa chất,,Dithizon,C6H5NHNHCSN:NC6H5,,rắn,Đã mở,Tủ 2C-304B,,G,,,
11/29/2024 8:37:31,A029,Hóa chất,,"AZOBENZENE, 98%",C12H10N2,103-33-3,rắn,Còn nguyên,Tủ 3C-304B,,G,,,
11/29/2024 8:40:06,A030,Hóa chất,,OFLOXACIN,không,82419-36-1,rắn,Còn nguyên,Tủ 3C-304B,,G,,,
11/29/2024 9:26:28,A031A,Hóa chất,CANXI Cacbonat,CALCIUM CARBONATE,CaCO3,471-34-1,RẮN,Còn nguyên,Tủ 3A-304B,,G,,,
11/29/2024 10:46:04,A031B,Hóa chất,CANXI Cacbonat,CALCIUM CARBONATE,CACO3,471-34-1,RẮN,Đã mở,Tủ 3A-304B,,G,,,
11/29/2024 10:50:16,A031C,Hóa chất,CANXI Cacbonat,Calcium carbonate,CaCO3,471-34-1,rắn,Còn nguyên,Tủ 3A-304B,,G,,,
11/29/2024 10:48:17,A031D,Hóa chất,CANXI Cacbonat,CALCIUM CARBONATE ,CACO3,471-34-1,RẮN,Đã mở,Tủ 3A-304B,,G,,,
11/28/2024 16:26:43,A032A,Hóa chất,,CALCIUM SULFATE DIHYDRATE,CaSO4.2H2O,10101-41-4,rắn,Còn nguyên,Tủ 3A-304B,,G,,,
11/29/2024 10:35:54,A032B,Hóa chất,KHÔNG,CALCIUM SULFATE DIHYDRATE,CASO4.2H20,10101-41-4,RẮN,Đã mở,Tủ 3A-304B,,G,,,
11/29/2024 10:11:05,A033,Hóa chất,CANXI CLORUA KHAN,CALCIUM CHLORIDE ANHYDROUS,CaCl2,10043-52-4,rắn,Còn nguyên,Tủ 3A-304B,,G,,,
11/29/2024 10:50:48,A033B,Hóa chất,CANXI CLORUA KHAN,CALCIUM CHLORIDE ANHYDROUS,CACL2,10043-52-4,RẮN,Đã mở,Tủ 3A-304B,,G,,,
11/29/2024 10:43:39,A033C,Hóa chất,CANXI CLORUA KHAN,CALCIUM CHLORIDE ANHYDROUS,CACL2,10043-52-4,RẮN,Đã mở,Tủ 1D-304B,,G,,,
11/28/2024 16:44:53,A034A,Hóa chất,,AMMONIUM SULFATE,(NH4)2SO4,7783-20-2,Rắn,Còn nguyên,Tủ 3A-304B,,G,,,
11/29/2024 10:07:21,A034B,Hóa chất,,AMMONIUM SULFATE,(NH4)2SO4,7783-20-2,RẮN,Còn nguyên,Tủ 3A-304B,,G,,,
01/02/2025,A034C,Hóa chất,,AMMONIUM SULFATE,(NH4)2SO4,7783-20-2,RẮN,Còn nguyên,Tủ 3A-304B,,G,,,
11/29/2024 9:55:04,A035A,Hóa chất,,AMMONIUM CHLORIDE,NH4CL,12125-02-9,RẮN,Còn nguyên,Tủ 3A-304B,,G,,,
11/29/2024 9:49:23,A035B,Hóa chất,KHÔNG,AMMONIUM CHLORIDE,NH4CL,12125-02-9,RẮN,Đã mở,Tủ 3A-304B,,G,,,
01/20/2025,A035C,Hóa chất,KHÔNG,AMMONIUM CHLORIDE,NH4CL,12125-02-9,RẮN,Đã mở,Tủ 3A-304B,,G,,,
11/28/2024 16:20:48,A036,Hóa chất,,Ammonium acetate,CH3COONH4,631-61-8,rắn,Còn nguyên,Tủ 2C-304B,,G,,,
01/02/2025,A037,Hóa chất,,AMMONIUM FERRIC CITRATE,(NH4)3FEC12H10O14,1185-57-5,RẮN,Còn nguyên,Tủ 3A-304B,,G,,,
11/29/2024 10:51:06,A038,Hóa chất,,AMMONIUM THIOCYANATE,NH4SCN,1762-95-4,rắn,Còn nguyên,Tủ 3A-304B,,G,,,
01/17/2025,A038B,Hóa chất,,AMMONIUM THIOCYANATE,NH4SCN,1762-95-4,rắn,Còn nguyên,Tủ 3A-304B,,G,,,
11/29/2024 10:31:16,A039A,Hóa chất,KHÔNG,AMMONIUM IRON(II) SULFATE HEXAHYDRATE,(NH4)2FE(SO4)2.6H20,10045-89-3,RẮN,Đã mở,Tủ 3A-304B,,G,,,
11/28/2024 16:35:53,A039B,Hóa chất,,Ammonium iron (ll) sulfate hexahydrate,(NH4)2Fe(SO4)2.6H2O,7783-85-9,rắn,Đã mở,Tủ 3A-304B,,G,,,
11/29/2024 10:31:16,A039C,Hóa chất,KHÔNG,AMMONIUM IRON(II) SULFATE HEXAHYDRATE,(NH4)2FE(SO4)2.6H20,10045-89-3,RẮN,Đã mở,Tủ 1D-304B,,G,,,
11/29/2024 10:08:44,A040,Hóa chất,,DIAMMONIUM HYDROGEN PHOSPHATE,(NH4)2HPO4,7783-28-0,RẮN,Còn nguyên,Tủ 3A-304B,,G,,,
11/29/2024 9:43:51,A041A,Hóa chất,,DIAMMONNIUM OXALATE MONOHYDRATE,(NH4)2C2O4.H2O,1113-38-8,RẮN,Còn nguyên,Tủ 3A-304B,,G,,,
11/28/2024 16:42:29,A041B,Hóa chất,,DIAMMONNIUM OXALATE MONOHYDRATE,(NH4)2C2O4.H2O,1113-38-8,Rắn,Còn nguyên,Tủ 3A-304B,,G,,,
11/29/2024 10:08:24,A042A,Hóa chất,,TRIAMMONIUM CITRATE,C6H17N3O7,3458-72-8,RẮN,Còn nguyên,Tủ 3A-304B,,G,,,
11/29/2024 8:42:14,A042B,Hóa chất,,TRIAMMONIUM CITRATE,C6H17N3O7,3458-72-8,RẮN,Còn nguyên,Tủ 3A-304B,,G,,,
11/29/2024 10:07:28,A043,Hóa chất,,HESAAMMONIUM HEPTAMOLYBDATE TETRAHYDRATE,(NH4)6 Mo7O24.4H2O,12054-85-2,RẮN,Còn nguyên,Tủ 3A-304B,,G,,,
11/29/2024 7:55:56,A044,Hóa chất,,ALUMINUM CHLORIDE,AlCl3.6H2O,7784-13-6,rắn,Đã mở,Tủ 3A-304B,,G,,Đã mở,
11/28/2024 16:05:07,A045A,Hóa chất,Magie oxit,MAGNESIUM OXIDE,MgO,1309-48-4,RẮN,Còn nguyên,Tủ 3A-304B,,G,,,
11/29/2024 10:07:37,A045B,Hóa chất,Magie oxit,MAGNESIUM OXIDE,MgO,1309-48-4,RẮN,Còn nguyên,Tủ 3A-304B,,G,,,
11/28/2024 16:25:35,A046A,Hóa chất,,MAGNESIUM SULFATE HEPTAHYDRATE,MgSO4.7H20,10034-99-8,Rắn,Đã mở,Tủ 3A-304B,,G,,Đã mở,
11/29/2024 9:46:55,A046B,Hóa chất,,MAGNESIUM SULFATE HEPTAHYDRATE,MgSO4.7H20,10034-99-8,RẮN,Đã mở,Tủ 3A-304B,,G,,,
11/29/2024 9:50:33,A046C,Hóa chất,,MAGNESIUM SULFATE HEPTAHYDRATE,MgSO4.7H2O,10034-99-8,RẮN,Đã mở,Tủ 3A-304B,,G,,,
11/29/2024 10:23:51,A046D,Hóa chất,KHÔNG ,MAGNESIUM SULFATE HEPTAHYDRATE,MGSO4.7H2O,10034-99-8,RẮN,Đã mở,Tủ 3A-304B,,G,,,
01/02/2025,A046E,Hóa chất,KHÔNG ,MAGNESIUM SULFATE HEPTAHYDRATE,MGSO4.7H2O,10034-99-8,RẮN,Đã mở,Tủ 3A-304B,,G,,,
11/29/2024 10:44:26,A047,Hóa chất,KHÔNG,MAGNESIUM CHLORIDE HEXAHYDRATE,MGCL2.6H20,7791-18-6,RẮN,Đã mở,Tủ 3A-304B,,G,,,
11/29/2024 9:33:04,A048A,Hóa chất,,MANGENESE SULFATE MONOHYDRATE,MnSO4.H20,10034-96-5,RẮN,Đã mở,Tủ 3A-304B,,G,,,
11/29/2024 10:03:47,A048B,Hóa chất,,MANGENESE SULFATE MONOHYDRATE,MnSO4.H2O,10034-96-5,RẮN,Còn nguyên,Tủ 3A-304B,,G,,,
01/02/2025,A048C - NC,Hóa chất,,MANGENESE SULFATE MONOHYDRATE,MnSO4.H20,10034-96-5,RẮN,Đã mở,Tủ 2C-304B,,G,,Đang mượn,
11/29/2024 9:22:15,A048D,Hóa chất,,MANGENESE SULFATE MONOHYDRATE,MnSO4.H2O,10034-96-5,RẮN,Đã mở,Tủ 3A-304B,,G,,Đang mượn,
01/17/2025,A048E,Hóa chất,,MANGENESE SULFATE MONOHYDRATE,MnSO4.H2O,10034-96-5,RẮN,Đã mở,Tủ 3A-304B,,G,,,
01/02/2025,A049,Hóa chất,,HYDROGEN PEROXIDE,H2O2,,,,Tủ 2D-304B,,E,,,
11/29/2024 10:42:11,A050A,Hóa chất,,iodine,I2,7553-56-2,rắn,Đã mở,Tủ 2B-304B,,E,,Đã mở,
11/29/2024 10:43:50,A050B,Hóa chất,,Iodine,I2,7553-56-2,rắn,Đã mở,Tủ 2B-304B,,E,,,
01/02/2025,A051A,Hóa chất,,NITRIC ACID,HNO3,7697-37-2,LỎNG,Đã mở,Tủ 2D-304B,,E,,,
01/02/2025,A051B,Hóa chất,,NITRIC ACID,HNO3,7697-37-2,LỎNG,Đã mở,Tủ 2D-304B,,E,,,
01/02/2025,A051C,Hóa chất,,NITRIC ACID,HNO3,7697-37-2,LỎNG,Đã mở,Tủ 2D-304B,,E,,,
01/21/2025,A051D,Hóa chất,,NITRIC ACID,HNO3,7697-37-2,LỎNG,Đã mở,Tủ 2D-304B,,E,,,
01/21/2025,A051E,Hóa chất,,NITRIC ACID,HNO3,7697-37-2,LỎNG,Đã mở,Tủ 2D-304B,,E,,,
11/29/2024 10:04:07,A052,Hóa chất,,Chromium (|||) nitrate nonahydrate,Cr(NO3)3.9H2O,7789-02-8,RẮN,Còn nguyên,Tủ 2B-304B,,E,,,
11/29/2024 9:58:47,A053A,Hóa chất,Kali dichromat,POTASSIUM DICHROMATE,K2Cr2O7,7778-50-9,RẮN,Còn nguyên,Tủ 2B-304B,,E,,,
11/28/2024 15:22:13,A053B,Hóa chất,Kali dichromat,POTASSIUM DICHROMATE,K2Cr2O7,7778-50-9,rắn,Đã mở,Tủ 2B-304B,,E,,,
11/28/2024 15:11:21,A053C,Hóa chất,Kali dichromat,POTASSIUM DICHROMATE,K2Cr2O7,7778-50-9,rắn,Còn nguyên,Tủ 2B-304B,,E,,,
11/28/2024 15:19:56,A054A,Hóa chất,Kali chromat,POTASSIUM CHROMATE,K2CrO4,7789-00-6,rắn,Còn nguyên,Tủ 2B-304B,,E,,,
01/02/2025,A054B,Hóa chất,Kali chromat,POTASSIUM CHROMATE,K2CrO4,7789-00-6,rắn,Đã mở,Tủ 2B-304B,,E,,,
11/29/2024 9:37:47,A055A,Hóa chất,KHÔNG,POTASSIUM IODATE,KIO3,7758-05-6,RẮN,Đã mở,Tủ 2B-304B,,E,,,
01/06/2025,A055B,Hóa chất,KHÔNG,POTASSIUM IODATE,KIO3,7758-05-6,RẮN,Còn nguyên,Tủ 2B-304B,,E,,,
01/06/2025,A055C,Hóa chất,KHÔNG,POTASSIUM IODATE,KIO3,7758-05-6,RẮN,Còn nguyên,Tủ 2B-304B,,E,,,
01/06/2025,A055D,Hóa chất,KHÔNG,POTASSIUM IODATE,KIO3,7758-05-6,RẮN,Còn nguyên,Tủ 2B-304B,,E,,,
01/06/2025,A055E,Hóa chất,KHÔNG,POTASSIUM IODATE,KIO3,7758-05-6,RẮN,Còn nguyên,Tủ 2B-304B,,E,,,
11/29/2024 9:35:05,A055F,Hóa chất,KHÔNG,POTASSIUM IODATE,KIO3,7758-05-6,RẮN,Còn nguyên,Tủ 2B-304B,,E,,,
11/28/2024 15:44:52,A056,Hóa chất,Kali bromat,POTASSIUM BROMATE,KBrO3,7758-01-2,rắn,Còn nguyên,Tủ 2B-304B,,E,,,
11/29/2024 10:17:23,A057A,Hóa chất,,POTASSIUM NITRATE,KNO3,7757-79-1,RẮN,Còn nguyên,Tủ 2B-304B,,E,,,
11/29/2024 9:33:03,A057B,Hóa chất,KHÔNG,POTASSIUM NITRATE,KNO3,7757-79-1,RẮN,Đã mở,Tủ 2B-304B,,E,,,
11/28/2024 15:40:33,A057C,Hóa chất,Kali nitrat,POTASSIUM NITRATE,KNO3,7757-79-1,RẮN,Đã mở,Tủ 2B-304B,,E,,,
11/29/2024 10:31:20,A058A,Hóa chất,,SODIUM NITRITE,NaNO2,7632-00-0,rắn,Còn nguyên,Tủ 2B-304B,,E,,,
11/29/2024 8:41:06,A058B,Hóa chất,,SODIUM NITRITE,NaNO2,7632-00-0,rắn,Đã mở,Tủ 2B-304B,,E,,,
11/28/2024 16:18:50,A058C,Hóa chất,,SODIUM NITRITE,NaNO2,7632-00-0,rắn,Đã mở,Tủ 2B-304B,,E,,,
11/29/2024 10:04:56,A059,Hóa chất,,SODIUM NITRATE,NaNO3,7631-99-4,RẮN,Đã mở,Tủ 2B-304B,,E,,,
11/29/2024 8:27:43,A060A,Hóa chất,,Potassium peroxodisulfate,K2O8S2,7727-21-1,RẮN,Còn nguyên,Tủ 2B-304B,,E,,,
11/28/2024 15:44:03,A060B,Hóa chất,Kali persulfat,Potassium peroxodisulfate,K2O8S2,7727-21-1,RẮN,Còn nguyên,Tủ 2B-304B,,E,,,
11/28/2024 15:36:47,A060C,Hóa chất,Kali persulfat,Potassium peroxodisulfate,K2O8S2,7727-21-1,rắn,Còn nguyên,Tủ 2B-304B,,E,,,
11/28/2024 15:32:02,A060D,Hóa chất,Kali persulfat,Potassium peroxodisulfate,K2O8S2,7727-21-1,rắn,Còn nguyên,Tủ 2B-304B,,E,,,
11/29/2024 8:33:54,A061A,Hóa chất,Kali pemanganat,POTASSIUM PERMANGANATE,KMnO4,7722-64-7,RẮN,Đã mở,Tủ 2B-304B,,E,,Đã mở,
11/28/2024 15:52:46,A061B,Hóa chất,Kali pemanganat,POTASSIUM PERMANGANATE,KMnO4,7722-64-7 ,rắn,Còn nguyên,Tủ 2B-304B,,E,,,
11/29/2024 8:33:54,A061C,Hóa chất,Kali pemanganat,POTASSIUM PERMANGANATE,KMnO4,7722-64-7,RẮN,Đã mở,Tủ 2B-304B,,E,,,
11/29/2024 8:33:54,A061D,Hóa chất,Kali pemanganat,POTASSIUM PERMANGANATE,KMnO4,7722-64-7,RẮN,Đã mở,Tủ 2B-304B,,E,,,
11/29/2024 10:00:32,A062,Hóa chất,Cadimi Nitrat,CADMIUM NITRARTE,Cd(NO3)2.4H2O,KHÔNG,RĂN,Còn nguyên,Tủ 2B-304B,,E,,,
11/28/2024 16:27:54,A063A,Hóa chất,,Calcium nitrate tetrahydrate,Ca(NO3)2.4H2O,13477-34-4,RẮN,Đã mở,Tủ 2B-304B,,E,,,
11/29/2024 10:02:38,A063B,Hóa chất,,Calcium nitrate tetrahydrate,Ca(NO3)2.4H2O,13477-34-4,RẮN,Đã mở,Tủ 2B-304B,,E,,,
11/29/2024 9:48:39,A063C,Hóa chất,Canxi nitrat,Calcium Nitrate,Ca(NO3)2.4H2O,13477-34-4,RẮN,Đã mở,Tủ 2B-304B,,E,,,
11/29/2024 9:52:49,A064A,Hóa chất,,COPPER (II) SUNLFATE PENTAHYDRATE,CUSO4.5H2O,7758-99-8,RẮN,Đã mở,Tủ 1D-304B,,G,,Thất lạc,
01/03/2025,A064B,Hóa chất,,COPPER (II) SUNLFATE PENTAHYDRATE,CUSO4.5H2O,7758-99-8,RẮN,Đã mở,Tủ 1D-304B,,G,,Đã mở,
11/29/2024 7:53:18,A064C,Hóa chất,,COPPER (II) SULFATE PENTAHYDRATE,CUSO4.5H2O,7758-99-8,RẮN,Đã mở,Tủ 1D-304B,,G,,,
11/29/2024 10:24:51,A064D,Hóa chất,,COPPER (II) SUNLFATE PENTAHYDRATE,CuSO4.5H2O,7758-99-8,RẮN,Đã mở,Tủ 1D-304B,,G,,,
11/29/2024 10:24:51,A064E,Hóa chất,,COPPER (II) SUNLFATE PENTAHYDRATE,CuSO4.5H2O,7758-99-8,RẮN,Đã mở,Tủ 1D-304B,,G,,,
01/02/2025,A065,Hóa chất,,IRON (III) NITRATE NANOHYDRATE,Fe(NO3)3.9H2O,7782-61-8,LỎNG,Đã mở,Tủ 2B-304B,,E,,,
01/02/2025,A066-NC,Hóa chất,,ALUMINIUM NITRATE NANOHYDRATE,Al(NO3)3.9H2O,7784-27-2,RẮN,Đã mở,Tủ 2B-304B,,E,,Đang mượn,
01/02/2025,A067-NC,Hóa chất,,MAGNESIUM NITRATE AR,Mg(NO3)2.6H2O,13446-18-89,RẮN,Đã mở,Tủ 2B-304B,,E,,Đang mượn,
01/02/2025,A069A,Hóa chất,,CHITOSAN,,,RẮN,,Tủ 2C-304B,,G,,,
01/02/2025,A069B,Hóa chất,,CHITOSAN,,,RẮN,,Tủ 2C-304B,,G,,,
01/02/2025,A069C,Hóa chất,,CHITOSAN,,,RẮN,,Tủ 2C-304B,,G,,,
01/02/2025,A069D,Hóa chất,,CHITOSAN,,,RẮN,,Tủ 2C-304B,,G,,,
01/02/2025,A069E,Hóa chất,,CHITOSAN,,,RẮN,,Tủ 2C-304B,,G,,,
01/02/2025,A069F,Hóa chất,,CHITOSAN,,,RẮN,,Tủ 2C-304B,,G,,,
01/02/2025,A069G,Hóa chất,,CHITOSAN,,,RẮN,,Tủ 2C-304B,,G,,,
01/02/2025,A070,Hóa chất,,CHITOSAN,,,LỎNG,,Tủ 2C-304B,,G,,,
11/29/2024 9:43:01,A071A,Hóa chất,,AMMONIA SOLUTION,NH3,1336-21-6,LỎNG,Đã mở,Tủ 2A-304B,,C,,,
01/03/2025,A071B,Hóa chất,,AMMONIA SOLUTION,NH3,1336-21-6,LỎNG,Đã mở,Tủ 2A-304B,,C,,,
01/03/2025,A071C,Hóa chất,,AMMONIA SOLUTION,NH3,1336-21-6,LỎNG,Đã mở,Tủ 2A-304B,,C,,,
01/03/2025,A071D,Hóa chất,,AMMONIA SOLUTION,NH3,1336-21-6,LỎNG,Đã mở,Tủ 2A-304B,,C,,,
01/03/2025,A071E,Hóa chất,,AMMONIA SOLUTION,NH3,1336-21-6,LỎNG,Đã mở,Tủ 2A-304B,,C,,,
01/03/2025,A071F,Hóa chất,,AMMONIA SOLUTION,NH3,1336-21-6,LỎNG,Đã mở,Tủ 2A-304B,,C,,,
01/03/2025,A071G,Hóa chất,,AMMONIA SOLUTION,NH3,1336-21-6,LỎNG,Đã mở,Tủ 2A-304B,,C,,,
01/03/2025,A071H,Hóa chất,,AMMONIA SOLUTION,NH3,1336-21-6,LỎNG,Đã mở,Tủ 2A-304B,,C,,,
01/03/2025,A071I,Hóa chất,,AMMONIA SOLUTION,NH3,1336-21-6,LỎNG,Đã mở,Tủ 2A-304B,,C,,,
01/03/2025,A071J,Hóa chất,,AMMONIA SOLUTION,NH3,1336-21-6,LỎNG,Đã mở,Tủ 2A-304B,,C,,,
01/20/2025,A071K,Hóa chất,,AMMONIA SOLUTION,NH3,1336-21-6,LỎNG,Đã mở,Tủ 2A-304B,,C,,,
11/29/2024 9:31:06,A072A,Hóa chất,Kali Hydroxit,POTASSIUM HYDROXIDE,KOH,1310-58-3,RẮN,Còn nguyên,Tủ 2A-304B,,C,,,
11/29/2024 9:27:13,A072B,Hóa chất,Kali Hydroxit,POTASSIUM HYDROXIDE,KOH,1310-58-3,RẮN,Còn nguyên,Tủ 2A-304B,,C,,,
11/29/2024 9:26:00,A072C,Hóa chất,Kali Hydroxit,POTASSIUM HYDROXIDE,KOH,1310-58-3,RẮN,Còn nguyên,Tủ 2A-304B,,C,,,
11/28/2024 15:18:45,A072D,Hóa chất,Kali Hydroxit,POTASSIUM HYDROXIDE,KOH,1310-58-3,RẮN,Còn nguyên,Tủ 2A-304B,,C,,,
11/28/2024 15:18:20,A072E,Hóa chất,Kali Hydroxit,POTASSIUM HYDROXIDE,KOH,1310-58-3,RẮN,Đã mở,Tủ 2A-304B,,C,,Đang mượn,2025-10
11/28/2024 15:17:00,A072F,Hóa chất,Kali Hydroxit,POTASSIUM HYDROXIDE,KOH,1310-58-3,RẮN,Còn nguyên,Tủ 2A-304B,,C,,,
11/29/2024 9:44:52,A073,Hóa chất,Canxi hidroxit,Calcium hydroxyde ,Ca(OH)2,1305-62-0,RẮN,Còn nguyên,Tủ 2A-304B,,C,,,
11/29/2024 10:15:17,A074A,Hóa chất,,SODIUM HYDROXIDE,NAOH,1310-73-2,RẮN,Đã mở,Tủ 2A-304B,,C,,Hết,
11/29/2024 10:04:17,A074B,Hóa chất,,SODIUM HYDROXIDE,NaOH,1310-73-2,RẮN,Đã mở,Tủ 2A-304B,,C,,,
11/29/2024 9:56:34,A074C,Hóa chất,,SODIUM HYDROXIDE,NaOH,1310-73-2,RẮN,Đã mở,Tủ 2A-304B,,C,,,
11/29/2024 9:45:55,A074D,Hóa chất,,SODIUM HYDROXIDE,NaOH,1310-73-2,RẮN,Đã mở,Tủ 2A-304B,,C,,Hết,
11/29/2024 9:31:54,A074E,Hóa chất,KHÔNG,SODIUM HYDROXIDE,NaOH,1310-73-2,RẮN,Đã mở,Tủ 2A-304B,,C,,Đang mượn,
11/29/2024 9:17:39,A074F - NC,Hóa chất,,SODIUM HYDROXIDE,NaOH,1310-73-2,rắn,Đã mở,Tủ 2A-304B,,C,,Đang mượn,
11/29/2024 9:31:54,A074G,Hóa chất,KHÔNG,SODIUM HYDROXIDE,NaOH,1310-73-2,RẮN,Đã mở,Tủ 2A-304B,,C,,Hết,
01/17/2025,A074H,Hóa chất,,SODIUM HYDROXIDE,NAOH,1310-73-2,RẮN,Đã mở,Tủ 2A-304B,,C,,Hết,
01/03/2025,A075A,Hóa chất,,HYDROCHLORIC ACID,HCL,7647-01-0,LỎNG,Đã mở,Tủ 1D-304B,,F,,Hết,
01/03/2025,A075B,Hóa chất,,HYDROCHLORIC ACID,HCL,7647-01-0,LỎNG,Đã mở,Tủ 1D-304B,,F,,Hết,
01/03/2025,A076,Hóa chất,AXIT AXETIC,ACETIC ACID,CH3COOH,,LỎNG,Đã mở,Tủ 1D-304B,,F,,,
11/28/2024 15:10:00,A077A,Hóa chất,Axit Boric,Boric acid,H3BO3,10043-35-3,rắn,Còn nguyên,Tủ 2C-304B,,G,,,
01/10/2025,A077B,Hóa chất,Axit Boric,Boric acid,H3BO3,10043-35-3,rắn,Còn nguyên,Tủ 2C-304B,,G,,,
11/29/2024 9:42:30,A077C,Hóa chất,Axit Boric,Boric Acid,H3BO3,10043-35-3 ,rắn,Còn nguyên,Tủ 2C-304B,,G,,,
11/29/2024 9:42:06,A077D,Hóa chất,Axit Boric,Boric Acid,H3BO3,10043-35-3 ,rắn,Còn nguyên,Tủ 2C-304B,,G,,,
11/29/2024 10:27:09,A077E,Hóa chất,Axit Boric,Boric acid ,H3BO3,10043-35-3,rắn,Đã mở,Tủ 2C-304B,,G,,,
11/29/2024 9:41:47,A077F,Hóa chất,Axit Boric,Boric Acid,H3BO3,10043-35-3 ,rắn,Còn nguyên,Tủ 2C-304B,,G,,,
11/29/2024 9:41:21,A077G,Hóa chất,Axit Boric,Boric Acid,H3BO3,10043-35-3 ,rắn,Còn nguyên,Tủ 2C-304B,,G,,,
11/29/2024 9:40:58,A077H,Hóa chất,Axit Boric,Boric Acid,H3BO3,10043-35-3 ,rắn,Còn nguyên,Tủ 2C-304B,,G,,,
11/29/2024 9:40:32,A077I,Hóa chất,Axit Boric,Boric Acid,H3BO3,10043-35-3 ,rắn,Còn nguyên,Tủ 2C-304B,,G,,,
11/29/2024 9:40:03,A077J,Hóa chất,Axit Boric,Boric Acid,H3BO3,10043-35-3 ,rắn,Còn nguyên,Tủ 2C-304B,,G,,,
11/29/2024 9:39:40,A077K,Hóa chất,Axit Boric,Boric Acid,H3BO3,10043-35-3 ,rắn,Còn nguyên,Tủ 2C-304B,,G,,,
01/03/2025,A078A,Hóa chất,,PHOSPHORIC ACID,H3PO4,,LỎNG,Còn nguyên,Tủ 1D-304B,,F,,,
01/03/2025,A078B,Hóa chất,,PHOSPHORIC ACID,H3PO4,,LỎNG,Còn nguyên,Tủ 1D-304B,,F,,,
01/21/2025,A078C,Hóa chất,,PHOSPHORIC ACID,H3PO4,,LỎNG,Còn nguyên,Tủ 1D-304B,,F,,,
01/03/2025,A079A,Hóa chất,,SULFURIC ACID,H2SO4,7664-93-9,LỎNG,Còn nguyên,Tủ 1B-304B,,F,,Đang mượn,
01/03/2025,A079B,Hóa chất,,SULFURIC ACID,H2SO4,7664-93-9,LỎNG,Còn nguyên,Tủ 1B-304B,,F,,Đã mở,
01/03/2025,A079C,Hóa chất,,SULFURIC ACID,H2SO4,7664-93-9,LỎNG,Còn nguyên,Tủ 1B-304B,,F,,Đang mượn,2025-10
01/03/2025,A079D,Hóa chất,,SULFURIC ACID,H2SO4,7664-93-9,LỎNG,Còn nguyên,Tủ 1B-304B,,F,,,
01/03/2025,A079E,Hóa chất,,SULFURIC ACID,H2SO4,7664-93-9,LỎNG,Còn nguyên,Tủ 1B-304B,,F,,,
01/03/2025,A079F,Hóa chất,,SULFURIC ACID,H2SO4,7664-93-9,LỎNG,Còn nguyên,Tủ 1B-304B,,F,,,
01/03/2025,A079G,Hóa chất,,SULFURIC ACID,H2SO4,7664-93-9,LỎNG,Còn nguyên,Tủ 1B-304B,,F,,,
01/06/2025,A079H,Hóa chất,,SULFURIC ACID,H2SO4,7664-93-9,LỎNG,Đã mở,Tủ 1B-304B,,F,,Đang mượn,
01/21/2025,A079I,Hóa chất,,SULFURIC ACID,H2SO4,7664-93-9,LỎNG,Đã mở,Tủ 1B-304B,,F,,,
01/21/2025,A079J,Hóa chất,,SULFURIC ACID,H2SO4,7664-93-9,LỎNG,Đã mở,Tủ 1B-304B,,F,,,
01/21/2025,A079K,Hóa chất,,SULFURIC ACID,H2SO4,7664-93-9,LỎNG,Đã mở,Tủ 1B-304B,,F,,,
01/21/2025,A079L,Hóa chất,,SULFURIC ACID,H2SO4,7664-93-9,LỎNG,Đã mở,Tủ 1B-304B,,F,,,
01/21/2025,A079M,Hóa chất,,SULFURIC ACID,H2SO4,7664-93-9,LỎNG,Đã mở,Tủ 1B-304B,,F,,,
11/29/2024 9:58:54,A080A,Hóa chất,,COBALT (II) SULFATE HEPTAHYDRAT,COSO4.7H2O,10026-24-1,RẮN,Còn nguyên,Tủ 2C-304B,,G,,,
11/29/2024 9:31:57,A080B,Hóa chất,,COBALT (II) SULFATE HEPTAHYDRAT,COSO4.7H2O,10026-24-1,RẮN,Còn nguyên,Tủ 2C-304B,,G,,,
11/29/2024 9:31:24,A080C,Hóa chất,,COBALT (II) SULFATE HEPTAHYDRAT,COSO4.7H2O,10026-24-1,RẮN,Còn nguyên,Tủ 2C-304B,,G,,,
11/29/2024 9:30:50,A080D,Hóa chất,,COBALT (II) SULFATE HEPTAHYDRAT,COSO4.7H2O,10026-24-1,RẮN,Còn nguyên,Tủ 2C-304B,,G,,,
11/29/2024 9:29:37,A080E,Hóa chất,,COBALT (II) SULFATE HEPTAHYDRAT,COSO4.7H2O,10026-24-1,RẮN,Còn nguyên,Tủ 2C-304B,,G,,,
11/29/2024 9:27:59,A080F,Hóa chất,,COBALT (II) SULFATE HEPTAHYDRAT,COSO4.7H2O,10026-24-1,RẮN,Còn nguyên,Tủ 2C-304B,,G,,,
11/29/2024 9:29:03,A080G,Hóa chất,,COBALT (II) SULFATE HEPTAHYDRAT,COSO4.7H2O,10026-24-1,RẮN,Còn nguyên,Tủ 2C-304B,,G,,,
11/29/2024 9:30:21,A080H,Hóa chất,,COBALT (II) SULFATE HEPTAHYDRAT,COSO4.7HO2,10026-24-1,RẮN,Còn nguyên,Tủ 2C-304B,,G,,,
11/29/2024 9:52:00,A080I,Hóa chất,,COBALT (II) SULFATE HEPTAHYDRAT,CoSO4.7H2O,10026-24-1,RẮN,Còn nguyên,Tủ 2C-304B,,G,,,
11/29/2024 9:52:00,A080J,Hóa chất,,COBALT (II) SULFATE HEPTAHYDRAT,CoSO4.7H2O,10026-24-1,RẮN,Còn nguyên,Tủ 2C-304B,,G,,,
11/29/2024 10:00:17,A081A,Hóa chất,KHÔNG,COBALTT(II) CHLORIDE HEXAHYFRATE,COCL2. 6H2O,7791-13-1,RẮN,Đã mở,Tủ 2C-304B,,G,,,
01/03/2025,A081B,Hóa chất,KHÔNG,COBALTT(II) CHLORIDE HEXAHYFRATE,COCL2. 6H2O,7791-13-1,RẮN,Đã mở,Tủ 2C-304B,,G,,,
11/29/2024 10:35:40,A082,Hóa chất,,SILVER NITRATE,AgNO3,7761-88-8,rắn,Đã mở,Tủ 2C-304B,,G,,,
11/29/2024 10:39:47,A083A,Hóa chất,,MERCURY(II) SULFATE,HgSO4,7783-35-9,RẮN,Đã mở,Tủ 2C-304B,,G,,Đã mở,
11/29/2024 9:56:00,A083B,Hóa chất,,MERCURY(II) SULFATE,HgSO4,7783-35-9,RẮN,Đã mở,Tủ 2C-304B,,G,,,
01/03/2025,A083C,Hóa chất,,MERCURY(II) SULFATE,HgSO4,7783-35-9,RẮN,Đã mở,Tủ 2C-304B,,G,,,
11/29/2024 9:48:11,A084,Hóa chất,,VANADIUM PENTOXIDE,V2O5,1314-62-1,RẮN,Đã mở,Tủ 2C-304B,,G,,,
11/29/2024 9:56:56,A085,Hóa chất,,LEAD(II)ACETATE,C4H6Pb.3H2O,KHONG,RẮN,Còn nguyên,Tủ 2C-304B,,G,,,
11/29/2024 10:13:06,A086A,Hóa chất,,POTASSIUM IODIDE,KI,7681-11-0,RẮN,Đã mở,Tủ 1A-304B,,G,,Đã mở,
11/29/2024 9:57:41,A086B,Hóa chất,,POTASSIUM IODIDE,KI,7681-11-0,RẮN,Còn nguyên,Tủ 1A-304B,,G,,,
01/06/2025,A086C,Hóa chất,,POTASSIUM IODIDE,KI,7681-11-0,RẮN,Còn nguyên,Tủ 1A-304B,,G,,,
01/20/2025,A086D,Hóa chất,,POTASSIUM IODIDE,KI,7681-11-0,RẮN,Còn nguyên,Tủ 1D-304B,,G,,,
11/29/2024 9:47:20,A087A,Hóa chất,,MOLYDBENUM TRIOXIDE,MoO3,1313-27-5,RẮN,Còn nguyên,Tủ 2C-304B,,G,,,
11/29/2024 9:48:01,A087B,Hóa chất,,MOLYDDENUM TRIOXIDE,MoO3,1313-27-5,RẮN,Còn nguyên,Tủ 2C-304B,,G,,,
11/29/2024 9:29:32,A088A,Hóa chất,,ZINC SULFATE HEPTAHYDRATE,ZnSO4.7H2O,7446-20-0,RẮN,Còn nguyên,Tủ 1D-304B,,G,,,
11/29/2024 9:53:47,A088B,Hóa chất,,ZINC SULFATE HEPTAHYDRATE,ZnSO4.7H2O,7446-20-0,RẮN,Đã mở,Tủ 1D-304B,,G,,,
11/28/2024 16:31:18,A088C,Hóa chất,,ZINC SULFATE HEPTAHYDRATE,ZnSO4.7H2O,7446-20-0,rắn,Còn nguyên,Tủ 1D-304B,,G,,,
11/29/2024 8:00:43,A088D,Hóa chất,,ZINC SULFATE HEPTAHYDRATE,ZnSO4.7H2O,7446-20-0,rắn,Đã mở,Tủ 1D-304B,,G,,,
11/28/2024 16:39:09,A088E,Hóa chất,,ZINC SULFATE HEPTAHYDRATE,ZnSO4.7H2O,7446-20-0,Rắn,Còn nguyên,Tủ 1D-304B,,G,,,
11/28/2024 16:29:49,A088F,Hóa chất,,ZINC SULFATE HEPTAHYDRATE,ZnSO4.7H2O,7446-20-0,rắn,Còn nguyên,Tủ 1D-304B,,G,,,
11/29/2024 8:41:43,A089A,Hóa chất,,ZINC ACETATE DIHYDRATE,Zn(CH3COO)2 .2H2O,5970-45-6,RẮN,Đã mở,Tủ 2D-304B,,G,,,
11/29/2024 9:25:31,A089B,Hóa chất,,ZINC ACETATE DIHYDRATE,Zn(CH3COO)2.2H2O,5970-45-6,RẮN,Đã mở,Tủ 2D-304B,,G,,,
11/29/2024 9:59:50,A090A,Hóa chất,,IRON (II) SULFATE HEPTAHYDRATE,FeSO4.7H2O,7782-63-0,RẮN,Đã mở,Tủ 2D-304B,,G,,,
01/03/2025,A090B,Hóa chất,,IRON (II) SULFATE HEPTAHYDRATE,FeSO4.7H2O,7782-63-0,RẮN,Đã mở,Tủ 2D-304B,,G,,,
01/03/2025,A090C,Hóa chất,,IRON (II) SULFATE HEPTAHYDRATE,FeSO4.7H2O,7782-63-0,RẮN,Đã mở,Tủ 2D-304B,,G,,,
11/29/2024 9:40:35,A091A,Hóa chất,,IRON (III) SULFATE,Fe2(SO4)3,10028-22-5,RẮN,Đã mở,Tủ 2D-304B,,G,,Đã mở,
11/29/2024 9:44:11,A091B,Hóa chất,,IRON (III) SULFATE,Fe2(SO4)3,10028-22-5,RẮN,Đã mở,Tủ 2D-304B,,G,,,
11/29/2024 9:16:42,A091C,Hóa chất,,IRON (III) SULFATE,Fe2(SO4)3,10028-22-5,rắn,Đã mở,Tủ 2D-304B,,G,,,
01/17/2025,A091D,Hóa chất,,IRON (III) SULFATE,Fe2(SO4)3,10028-22-5,RẮN,Đã mở,Tủ 2D-304B,,G,,,
11/29/2024 9:33:34,A092A,Hóa chất,,Lead(II) acetate basic ,Pb(CH3COO)2.Pb(OH)2,1335-32-6,RẮN,Đã mở,Tủ 2D-304B,,G,,Hết,
11/29/2024 10:39:37,A092B,Hóa chất,,Lead(II) acetate basic ,Pb(CH3COO)2.Pb(OH)2,1335-32-6,RẮN,Còn nguyên,Tủ 2D-304B,,G,,Đã mở,
11/29/2024 9:56:05,A093,Hóa chất,,COPPER(I)OXIDE,Cu2O,KHONG,RẮN,Còn nguyên,Tủ 1D-304B,,G,,,
01/03/2025,A094,Hóa chất,,LEAD (II) ACETATE TRIHYDRATE,Pb(CH3COO)2.H2O,6080-56-4,RẮN,Còn nguyên,Tủ 2D-304B,,G,,Đã mở,
11/29/2024 10:00:04,A095,Hóa chất,,Tin(||) Chloride dihydrate,SnCl2.2H2O,10025-69-1,RẮN,Còn nguyên,Tủ 1D-304B,,G,,,
11/29/2024 10:32:37,A096,Hóa chất,KHÔNG,MANGANESE(II) CHLORIDE TETRAHYDRATE,MnCL2.4H20,13446-34-9,RẮN,Đã mở,Tủ 2D-304B,,G,,,
11/29/2024 10:36:35,A097,Hóa chất,,TITANIUM (IV) DIOXIDE,TiO2,13463-67-7,RẮN,Còn nguyên,Tủ 1D-304B,,G,,,
11/29/2024 10:25:42,A098,Hóa chất,,ALUMINIUM OXIDE,Al2O3,1344-28-1,RẮN,Còn nguyên,Tủ 1D-304B,,G,,,
11/29/2024 9:58:08,A099A,Hóa chất,,NICKEL SULFATE HEXAHYDRATE,NISO4.6H20,10101-97-0,RẮN,Đã mở,Tủ 1D-304B,,G,,,
11/29/2024 10:37:46,A099B,Hóa chất,,NICKEL SULFATE HEXAHYDRATE,NiSO4.6H2O,10101-97-0,RẮN,Đã mở,Tủ 1D-304B,,G,,,
11/29/2024 10:12:46,A100,Hóa chất,,"FERRIC AMMONIUM CITRATE ,BROWN",0,1185-57-5,RẮN,Đã mở,Tủ 1D-304B,,G,,,
11/29/2024 9:52:24,A101,Hóa chất,,IRON (III) CHLORIDE HEXAHYDRAT,FECL3.6H2O,10025-77-1,RẮN,Đã mở,Tủ 1D-304B,,G,,,
11/29/2024 10:42:55,A102,Hóa chất,,ZINC CHLORIDE,ZnCl2,7646-85-7,rắn,Đã mở,Tủ 1D-304B,,G,,,
11/29/2024 10:09:49,A103,Hóa chất,,MERCURY (II) CHLORIDE,HgCl2,KHÔNG,RẮN ,Còn nguyên,Tủ 1D-304B,,G,,,
11/29/2024 10:10:48,A104,Hóa chất,,IRON (III) CHLORIDE HEXAHIDRATE,FeCl3.6H2O,10025-77-1,RĂNS,Đã mở,Tủ 1D-304B,,G,,,
11/29/2024 9:45:07,A105A,Hóa chất,,ZINC (POWDER),Zn,0,rắn,Còn nguyên,Tủ 2D-304B,,G,,,
11/29/2024 10:17:28,A105B,Hóa chất,Kẽm,Zinc,Zn,,rắn,Đã mở,Tủ 2D-304B,,G,,,
11/29/2024 10:06:43,A106,Hóa chất,Cadimi sunfat octahydrate,CADMIUM SULFATE OCTAHYDRATE,CdSO48(H2O),7790-84-3,RẮN,Còn nguyên,Tủ 1D-304B,,G,,,
11/28/2024 16:01:21,A107,Hóa chất,Natri sulfua,SODIUM SULFIDE NONAHYDRATE,Na2S.9H2O,1313-84-4,RẮN,Còn nguyên,Tủ 1C-304B,,G,,,
11/28/2024 16:04:02,A108,Hóa chất,Natri Thiosunfat,SODIUM THIOSULFATE PENTAHYDRATE,Na2S2O3.5H2O,10102-17-7,RẮN,Còn nguyên,Tủ 1C-304B,,G,,,
11/29/2024 9:50:55,A108B,Hóa chất,,sodim thisolfate,Na2S2O3.5H2O,,rắn,Đã mở,Tủ 2D-304B,,G,,,
11/28/2024 15:59:22,A109 -NC,Hóa chất,Natri bicacbonat,SODIUM HYDROGEN CẢBONATE,NaHCO3,144-55-8,RẮN,Đã mở,Tủ 1C-304B,,G,,,
11/28/2024 16:07:16,A109A,Hóa chất,Natri bicacbonat,SODIUM HYDROGEN CARBONATE,NaHCO3,144-55-8,RẮN,Còn nguyên,Tủ 1C-304B,,G,,,
11/29/2024 9:41:39,A109B,Hóa chất,Natri bicacbonat,SODIUM HYDROGEN CARBONATE,NaHCO3,144-55-8,RẮN,Còn nguyên,Tủ 1C-304B,,G,,,
11/28/2024 15:58:45,A109C,Hóa chất,Natri bicacbonat,SODIUM HYDROGEN CARBONATE,NaHCO3,144-55-8,RẮN,Đã mở,Tủ 1C-304B,,G,,,
11/28/2024 15:58:04,A109D,Hóa chất,Natri bicacbonat,SODIUM HYDROGEN CARBONATE,NaHCO3,144-55-8,RẮN,Còn nguyên,Tủ 1C-304B,,G,,,
1/17/2025,A109F,Hóa chất,Natri bicacbonat,SODIUM HYDROGEN CARBONATE,NaHCO3,144-55-8,RẮN,Còn nguyên,Tủ 1C-304B,,G,,,
11/29/2024 10:29:09,A110A,Hóa chất,KHÔNG,SODIUM SILICATE NONAHYDRATE,NA2SIO3.9H20,13517-24-3,RẮN,Đã mở,Tủ 1C-304B,,G,,,
11/29/2024 9:46:09,A110B,Hóa chất,KHÔNG,SODIUM SILIATE NONAHYDRATE,Na2SiO3. 9H2O,13517-24-3,RẮN,Đã mở,Tủ 1C-304B,,G,,,
11/29/2024 10:17:42,A111A,Hóa chất,,POTASSIUM SODIUM TARTRTE TETRAHYDRATE,C4H4KNaO6.4H2O,6381-59-5,RẮN,Đã mở,Tủ 1C-304B,,G,,,
11/29/2024 8:15:18,A111B,Hóa chất,,POTASSIUM SODIUM TARTRTE TETRAHYDRATE,C4H4O6KNa.4H20,6381-59-5,RẮN,Đã mở,Tủ 1C-304B,,G,,,
11/28/2024 15:24:27,A111C,Hóa chất,Muối seignette,POTASSIUM SODIUM TARTRTE TETRAHYDRATE,C4H4O6KNa.4H20,6381-59-5,RẮN,Đã mở,Tủ 1C-304B,,G,,,
11/29/2024 9:48:20,A111D,Hóa chất,,POTASSIUM SODIUM TARTRATE TETRAHYDRATE,C4H4O6KNa.4H2O,6381-59-5,RẮN,Đã mở,Tủ 1C-304B,,G,,Đã mở,
11/29/2024 10:16:48,A111E,Hóa chất,,POTASSIUM SODIUM TARTRATE TETRAHYDRATE,C4H4O6KNa.4H2O,6381-59-5,RẮN,Đã mở,Tủ 1A-304B,,G,,,
11/29/2024 10:10:49,A111F,Hóa chất,,POTASSIUM SODIUM TARTRATE TETRAHYDRATE,C4H4O6KNa.4H2O,6381-59-5,RẮN,Đã mở,Tủ 1A-304B,,G,,,
01/06/2025,A111G,Hóa chất,,POTASSIUM SODIUM TARTRATE TETRAHYDRATE,C4H4O6KNa.4H2O,6381-59-5,RẮN,Đã mở,Tủ 1A-304B,,G,,,
11/29/2024 9:24:11,A112A,Hóa chất,,SODIUM ACETATE TRIHYDRATE,CH3COONa.3H2O,6131-90-4,RẮN,Đã mở,Tủ 1C-304B,,G,,,
11/29/2024 7:59:39,A112B,Hóa chất,,SODIUM ACETATE TRIHYDRATE,CH3COONa.3H2O,6131-90-4,RẮN,Đã mở,Tủ 1C-304B,,G,,,
11/28/2024 16:12:57,A112C,Hóa chất,,Sodium acetate trihydrate,CH3COONa.3H2O,6131-90-4,rắn,Còn nguyên,,,G,,,
11/28/2024 16:02:42,A113A,Hóa chất,Natri sunfit,SODIUM SULFITE ANHYDROUS,Na2SO3,7757-83-7,RẮN,Còn nguyên,Tủ 1C-304B,,G,,,
11/29/2024 10:09:29,A113B,Hóa chất,,SODIUM SULFITE ANHYDROUS,Na2SO3,7757-83-7,RẮN,Còn nguyên,Tủ 1C-304B,,G,,,
11/29/2024 9:26:18,A114,Hóa chất,KHÔNG,SODIUM CARBONATE ANHYDROUS,Na2CO3,497-19-8,RẮN,Đã mở,Tủ 1C-304B,,G,,Hết,
11/29/2024 9:26:18,A114 -NC,Hóa chất,KHÔNG,SODIUM CARBONATE ANHYDROUS,Na2CO3,497-19-8,RẮN,Đã mở,Tủ 1C-304B,,G,,Hết,
11/28/2024 16:18:13,A115A,Hóa chất,,SODIUM MOLYBDATE,Na2MoO4.2H2O,7631-95-0,RẮN,Còn nguyên,Tủ 1C-304B,,G,,,
11/28/2024 16:12:06,A115B,Hóa chất,Natri molybdat,SODIUM MOLYBDATE,Na2MoO4.2H2O,7631-95-0,RẮN,Còn nguyên,Tủ 1C-304B,,G,,,
01/04/2025,A115C,Hóa chất,Natri molybdat,SODIUM MOLYBDATE,Na2MoO4.2H2O,7631-95-0,RẮN,Còn nguyên,Tủ 1C-304B,,G,,,
11/28/2024 16:17:20,A116A,Hóa chất,,TRISODIUM PHOSPHATE DODECAHYDRATE,Na3PO4.12H2O,10101-89-0,RẮN,Còn nguyên,Tủ 1C-304B,,G,,,
11/28/2024 16:11:02,A116B,Hóa chất,natri photphat,TRISODIUM PHOSPHATE DODECAHYDRATE,Na3PO4.12H2O,10101-89-0,RẮN,Còn nguyên,Tủ 1C-304B,,G,,,
11/28/2024 16:09:45,A117A,Hóa chất,natri citrat,TRISODIUM CITRATE DIHYDRATE,C6H5Na3O7.2H2O,6132-04-3,RẮN,Còn nguyên,Tủ 1C-304B,,G,,,
11/28/2024 16:08:42,A117B,Hóa chất,natri citrat,TRISODIUM CITRATE DIHYDRATE,C6H5Na3O7.2H2O,6132-04-3,RẮN,Còn nguyên,Tủ 1C-304B,,G,,,
11/29/2024 10:11:55,A118A,Hóa chất,,NATRICLORUA SODIUM CHLORIDE,NACL,7647-14-5,RẮN,Đã mở,Tủ 1C-304B,,G,,,
11/29/2024 10:11:38,A118B,Hóa chất,,NATRICLORUA SODIUM CHLORIDE,NACL,7647-14-5,RẮN,Đã mở,Tủ 1C-304B,,G,,,
11/29/2024 9:55:52,A118C,Hóa chất,,NATRICLORUA SODIUM CHLORIDE,NaCl,7647-14-5,RẮN,Còn nguyên,Tủ 1C-304B,,G,,,
11/28/2024 16:06:26,A118D,Hóa chất,natri clorua,Natriclorua sodium chloride,NaCl,7647-14-5,RẮN,Đã mở,Tủ 1C-304B,,G,,,
01/04/2025,A118E,Hóa chất,,NATRICLORUA SODIUM CHLORIDE,NACL,7647-14-5,RẮN,Đã mở,Tủ 1C-304B,,G,,,
01/04/2025,A118F,Hóa chất,,NATRICLORUA SODIUM CHLORIDE,NACL,7647-14-5,RẮN,Đã mở,Tủ 1C-304B,,G,,,
11/29/2024 10:04:43,A119A,Hóa chất,KHÔNG,SODIUM SUNFATE ANHYDROUS,NA2SO4,7757-82-6,RẮN,Đã mở,Tủ 1C-304B,,G,,Hết,
01/04/2025,A119B,Hóa chất,KHÔNG,SODIUM SUNFATE ANHYDROUS,NA2SO4,7757-82-6,RẮN,Đã mở,Tủ 1C-304B,,G,,Hết,
11/29/2024 10:12:15,A121,Hóa chất,,SODIUM PYROSULFITE,Na2S2O5,7681-57-4,rắn,Đã mở,Tủ 1C-304B,,G,,,
11/29/2024 9:15:00,A122A,Hóa chất,,di-Sodium hydrogen phosphate dodecahydrate,Na2HPO4.12H2O,10039-32-4,RẮN,Đã mở,Tủ 1C-304B,,G,,,
11/28/2024 16:14:49,A122B,Hóa chất,,DISODIUM HYDROGEN PHOSPHATE DODECACHYDRATE,Na2HPO4.12H2O,10039-32-4,rắn,Còn nguyên,Tủ 1C-304B,,G,,,
11/29/2024 9:34:26,A122C,Hóa chất,KHÔNG,DISODIUM HYDROGEN PHOSPHATE DODECACHYDRATE,Na2HP04.12H2O,10039-32-4,RẮN,Đã mở,Tủ 1C-304B,,G,,,
11/29/2024 10:01:33,A123A,Hóa chất,,ETHYLENEDIAMINE TETRAACETIC ACID DISODIUM SALT,C10H14N2O8Na2.2H2O,6381-92-6,RẮN,Còn nguyên,,,G,,,
11/29/2024 9:54:04,A123B,Hóa chất,,ETHYLENEDIAMINE TETRAACETIC ACID DICOSDIUM SALT DIHYDRATE,C10H14N2O8Na2.2H2O,6381-92-6,RẮN,Còn nguyên,Tủ 1C-304B,,G,,,
11/29/2024 8:32:18,A123C,Hóa chất,,ETHYLENEDIAMINE TETRAACETIC ACID DISODIUM SALT,C10H14N2O8Na2.2H2O,6381-92-6,RẮN,Đã mở,Tủ 1C-304B,,G,,,
11/29/2024 10:16:42,A123D,Hóa chất,,ETHYLENEDIAMINE TETRAACETIC ACID DISODIUM SALT,C10H14N2O8Na2.2H2O,6381-92-6,rắn,Còn nguyên,Tủ 1C-304B,,G,,,
11/29/2024 9:43:27,A123E,Hóa chất,,ETHYLENEDIAMINE TETRAACETIC ACID DISODIUM SALT,C10H14N2O8Na2.2H2O,6381-92-6,RẮN,Còn nguyên,Tủ 1C-304B,,G,,,
11/29/2024 9:40:43,A123F,Hóa chất,,ETHYLENEDIAMINE TETRAACETIC ACID DISODIUM SALT,C10H14N2O8Na2.2H2O,6381-92-6,RẮN,Đã mở,Tủ 1C-304B,,G,,,
11/29/2024 10:17:27,A124,Hóa chất,KHÔNG,SODIUM DIHYDROGEN PHOSPHATE  DIHYDRATE,NAH2PO4.2H2O,13472-35-0,RẮN,Còn nguyên,Tủ 1C-304B,,G,,,
11/28/2024 15:48:06,A124B,Hóa chất,Natri dibiphosphat ,Sodium dihydrogen phosphate dihydrate,NaH2PO4.2H2O,13472-35-0,rắn,Còn nguyên,Tủ 1C-304B,,G,,,
11/28/2024 15:57:19,A125A,Hóa chất,Natri alginate,SODIUM ALGINATE,(C6H7NaO6)n,9005-38-3,RẮN,Còn nguyên,Tủ 1C-304B,,G,,,
11/28/2024 15:56:39,A125B,Hóa chất,Natri alginate,Sodium alginate,(C6H7NaO6)n,9005-38-3,rắn,Còn nguyên,Tủ 1C-304B,,G,,,
11/29/2024 10:10:36,A126,Hóa chất,,SODIUM DEOXYCHOLATE,C24H39NaO4,,rắn,Đã mở,Tủ 1C-304B,,G,,,
11/29/2024 10:49:00,A126A,Hóa chất,,DODECYL SULFATE SODIUM SALT,C12H25NaO4S,151-21-3,RẮN,Đã mở,Tủ 3D-304B,,B,,,
11/29/2024 10:01:59,A126B,Hóa chất,,DODECYL SULFATE SODIUM SALT,C12H25NaO4S,151-21-3,RẮN,Đã mở,Tủ 3D-304B,,B,,,
01/06/2025,A126C,Hóa chất,,DODECYL SULFATE SODIUM SALT,C12H25NaO4S,151-21-3,RẮN,Đã mở,Tủ 3D-304B,,B,,,
01/06/2025,A126D,Hóa chất,,DODECYL SULFATE SODIUM SALT,C12H25NaO4S,151-21-3,RẮN,Đã mở,Tủ 3D-304B,,B,,,
11/29/2024 8:21:48,A127A,Hóa chất,,SODIUM DIETHYLDITHIOCARBAMATE TRIHYDRATE,(C2H5)2NCS2NA.3H2O,20624-25-3,RẮN,Còn nguyên,,,G,,,
11/29/2024 8:42:40,A127B,Hóa chất,,Sodium diethyldithiocarbamate trihydrate,(C2H5)2NSC2Na.3H2O,20624-25-3,RẮN,Còn nguyên,,,G,,,
11/29/2024 8:41:40,A127C,Hóa chất,,Sodium diethyldithiocarbamate trihydrate,(C2H5)2NSC2Na.3H2O,20624-25-3,RẮN,Còn nguyên,,,G,,,
11/29/2024 8:41:07,A127D,Hóa chất,,Sodium diethyldithiocarbamate trihydrate,(C2H5)2NSC2Na.3H2O,20624-25-3,RẮN,Còn nguyên,,,G,,,
11/29/2024 8:40:18,A127E,Hóa chất,,Sodium diethyldithiocarbamate trihydrate,(C2H5)2NSC2Na.3H2O,20624-25-3,RẮN,Còn nguyên,,,G,,,
11/29/2024 8:39:28,A127F,Hóa chất,,Sodium diethyldithiocarbamate trihydrate,(C2H5)2NSC2Na.3H2O,20624-25-3,RẮN,Còn nguyên,,,G,,,
11/29/2024 8:38:47,A127G,Hóa chất,,Sodium diethyldithiocarbamate trihydrate,(C2H5)2NSC2Na.3H2O,20624-25-3,RẮN,Còn nguyên,,,G,,,
11/29/2024 8:38:09,A127H,Hóa chất,,Sodium diethyldithiocarbamate trihydrate,(C2H5)2NSC2Na.3H2O,20624-25-3,RẮN,Còn nguyên,,,G,,,
11/29/2024 8:37:33,A127I,Hóa chất,,Sodium diethyldithiocarbamate trihydrate,(C2H5)2NSC2Na.3H2O,20624-25-3,RẮN,Còn nguyên,,,G,,,
11/29/2024 8:36:21,A127J,Hóa chất,,Sodium diethyldithiocarbamate trihydrate,(C2H5)2NSC2Na.3H2O,20624-25-3,RẮN,Còn nguyên,,,G,,,
11/29/2024 8:33:44,A127K,Hóa chất,,Sodium diethyldithiocarbamate trihydrate,(C2H5)2NSC2Na.3H2O,20624-25-3,RẮN,Còn nguyên,,,G,,,
11/29/2024 8:27:19,A127L,Hóa chất,,SODIUM DIETHYLDITHIOCARBAMATE HYDRATE,(C2H5)2CNS2NA.3H2O,20624-25-3,RẮN,Đã mở,,,G,,,
11/29/2024 8:28:58,A127M,Hóa chất,,SODIUM DIETHYLDITHIOCARBAMATE HYDRATE,(C2H5)2NCS2NA.3H20,20624-25-3,RẮN,Đã mở,,,G,,,
11/29/2024 8:31:32,A127N,Hóa chất,,SODIUM DIETHYLDITHIOCARBAMATE HYDRATE,(C2H5)2NCS2NA.3H2O,20624-25-3,RẮN,Đã mở,,,G,,,
11/29/2024 8:30:02,A127O,Hóa chất,,SODIUM DIETHYLDITHIOCARBAMATE HYDRATE,(C2H5)2NCS2NA.3H2O,20624-25-3,RẮN,Đã mở,,,G,,,
11/29/2024 8:26:19,A127P,Hóa chất,,SODIUM DIETHYLDITHIOCARBAMATE HYDRATE,(C2H5)2NCS2NA.3H2O,20624-25-3,RẮN,Còn nguyên,,,G,,,
11/29/2024 8:25:06,A127Q,Hóa chất,,SODIUM DIETHYLDITHIOCARBAMATE HYDRATE,(C2H5)2NCS2NA.3H2O,2064-25-3,RẮN,Còn nguyên,,,G,,,
11/29/2024 9:22:46,A128,Hóa chất,,SODIUM HYDROXIDE,Na2EDTA,1310-73-2,RẮN,Đã mở,Tủ 1C-304B,,G,,,
11/29/2024 8:11:34,A129,Hóa chất,,Fluorescein sodium,C20 H10 Na2 O5,518-47-8,RẮN,Còn nguyên,Tủ 1C-304B,,G,,,
11/29/2024 9:35:02,A130,Hóa chất,,NATRI BENZOAT,KHONG,KHONG,RẮN,Còn nguyên,Tủ 1C-304B,,G,,,
11/28/2024 15:21:08,A131A,Hóa chất,Kali ferricyanide,POTASSIUM FERRICYANIDE,K3[Fe(CN)6],13746-66-2,RẮN,Còn nguyên,Tủ 1A-304B,,G,,Đã mở,
11/29/2024 9:55:06,A131B,Hóa chất,,POTASSIUM HEXACYANOFERRATE,K3[Fe(CN)6],13746-66-2,RẮN,Còn nguyên,Tủ 1A-304B,,G,,,
11/28/2024 15:14:42,A131C,Hóa chất,kali hexacyanoferrat(II),POTASSIUM HEXACYANOFERRATE,K3[Fe(CN)6],13746-66-2,RẮN,Còn nguyên,Tủ 1A-304B,,G,,,
11/28/2024 15:34:15,A132A,Hóa chất,kali hexacyanoferrat(II),POTASSIUM HEXACYANOFERRATE (II) TRIHYDRATE,K4Fe(CN)6.3H2O,14459-95-1,rắn,Còn nguyên,Tủ 1A-304B,,G,,,
11/28/2024 15:09:04,A132B,Hóa chất,Kali Hexacyanoferrat(II),Potassium hexacyanoferrate(II) trihydrate,K4Fe(CN)6.3H2O,14459-95-1,rắn,Đã mở,Tủ 1A-304B,,G,,,
11/29/2024 10:46:54,A132C,Hóa chất,,Potassium hexacyanoferrate(II)trihydrate,K4[Fe(CN)6].3H2O,13943-58-3,rắn,Còn nguyên,Tủ 1A-304B,,G,,,
11/29/2024 10:33:59,A133A,Hóa chất,Kali dibiphosphat,POTASSIUM DUHYDROGEN PHOSPHATE,KH2PO4,7778-77-0,RẮN,Còn nguyên,Tủ 1A-304B,,G,,Đã mở,
11/28/2024 15:26:07,A133B,Hóa chất,Kali dibiphosphat,Potassium dihydrogen phosphate,KH2PO4,7778-77-0,RẮN,Còn nguyên,Tủ 1A-304B,,G,,,
11/28/2024 15:37:42,A133C,Hóa chất,Kali dibiphosphat,Potassium dihydrogen phosphate,KH2PO4,7778-77-0,RẮN,Còn nguyên,Tủ 1A-304B,,G,,,
11/28/2024 15:27:08,A134A,Hóa chất,Kali hydro phthalate,POTASSIUM HYDROGEN PHTHALATE,C8H5KO4,877-24-7,RẮN,Còn nguyên,Tủ 1A-304B,,G,,,
11/28/2024 15:16:01,A134B,Hóa chất,Kali hydro phthalate,POTASSIUM HYDROGEN PHTHALATE,C8H5KO4,877-24-7,RẮN,Còn nguyên,Tủ 1A-304B,,G,,,
11/28/2024 15:55:21,A135A,Hóa chất,,di - POTASSIUM HYDROGEN PHOSPHATE TRIHYDRATE,K2HPO4.3H2O,16788-57-1,RẮN,Còn nguyên,Tủ 1A-304B,,G,,,
11/29/2024 10:42:40,A135B,Hóa chất,KHÔNG,DI - POTASSIUM HYDROGEN PHOSPHATE TRIHYDRATE,K2HPO4.3H2O,16788-57-1,RẮN,Đã mở,Tủ 1A-304B,,G,,,
11/28/2024 15:46:42,A135C,Hóa chất,,DI - POTASSIUM HYDROGEN PHOSPHATE TRIHYDRATE,K2HPO4.3H2O,16788-57-1,rắn,Còn nguyên,Tủ 1A-304B,,G,,,
11/28/2024 15:35:52,A135D,Hóa chất,,DI - POTASSIUM HYDROGEN PHOSPHATE TRIHYDRATE,K2HPO4.3H20,16788-57-1,RẮN,Còn nguyên,Tủ 1A-304B,,G,,,
11/28/2024 15:28:19,A135E,Hóa chất,,DI - POTASSIUM HYDROGEN PHOSPHATE TRIHYDRATE,K2HPO4.3H20,16788-57-1,RẮN,Còn nguyên,Tủ 1A-304B,,G,,,
11/28/2024 15:41:55,A136,Hóa chất,Kali oxalat monohydrat,POTASSIUM OXALATE MONOHYDRATE,K2C2O4.H2O,6487-48-5,rắn,Còn nguyên,Tủ 1A-304B,,G,,,
11/29/2024 9:23:14,A137A,Hóa chất,,Potassium chloride,KCl,7447-40-7,RẮN,Còn nguyên,Tủ 1A-304B,,G,,,
11/29/2024 9:29:10,A137B,Hóa chất,,potassium chloride,KCl,7447-40-7,RẮN,Đã mở,Tủ 1A-304B,,G,,,
11/29/2024 9:57:40,A137C,Hóa chất,,POTASSIUM CHLORIDE,KCL,7447-40-7,RẮN,Còn nguyên,Tủ 1A-304B,,G,,,
11/29/2024 9:28:16,A137D,Hóa chất,,potassium chloride,KCl,,rắn,Đã mở,Tủ 1D-304B,,G,,,
11/29/2024 7:51:50,A137E,Hóa chất,,POTASSIUM CHLORIDE,KCL,,RẮN,Đã mở,Tủ 1D-304B,,G,,,
01/06/2025,A138,Hóa chất,,ALUMINIUM POTASSIUM SULFATE DODECAHYDRATE,KAL(SO4)2.12H2O,7784-24-9,RẮN,Còn nguyên,Tủ 1A-304B,,,,,
11/28/2024 15:42:36,A139,Hóa chất,Kali bromua,Potassium bromide,KBr,7758-02-3,rắn,Còn nguyên,Tủ 1A-304B,,G,,,
11/28/2024 15:39:23,A140A,Hóa chất,Kali sunfat,Potassium sulfate,K2SO4,7778-80-5,rắn,Còn nguyên,Tủ 1A-304B,,G,,Đang mượn,
11/28/2024 15:38:51,A140B,Hóa chất,Kali sunfat,Potassium sulfate,K2SO4,7778-80-5,rắn,Còn nguyên,Tủ 1A-304B,,G,,,
11/28/2024 15:30:44,A140C,Hóa chất,Kali sunfat,Potassium sulfate,K2SO4,7778-80-5,rắn,Còn nguyên,Tủ 1A-304B,,G,,,
11/28/2024 15:29:35,A140D,Hóa chất,Kali sunfat,Potassium sulfate,K2SO4,7778-80-5,rắn,Còn nguyên,Tủ 1A-304B,,G,,,
11/29/2024 10:40:47,A141,Hóa chất,KHÔNG,DIMETHYLGLYOXIME,C4H8N2O2,95-45-4,RẮN,Đã mở,Tủ 3D-304B,,B,,,
11/29/2024 10:05:07,A142A,Hóa chất,,CEDAR WOOD OIL,KHÔNG,KHÔNG,LỎNG,Còn nguyên,Tủ 3C-304B,,G,,,
11/29/2024 10:05:43,A142B,Hóa chất,,CEDAR WOOD OIL,KHÔNG,KHÔNG,LỎNG,Còn nguyên,Tủ 3C-304B,,G,,,
11/29/2024 10:05:22,A142C,Hóa chất,,CEDAR WOOD OIL,KHÔNG,KHÔNG,LỎNG,Còn nguyên,Tủ 3C-304B,,G,,,
11/28/2024 16:00:16,A143,Hóa chất,natri bohydride,SODIUM TETRAHYDROBORATE,NaBH4,16940-66-2,RẮN,Còn nguyên,Tủ 3D-304B,,B,,,
11/29/2024 9:45:45,A144,Hóa chất,,Sodium borohydride,NaBH4,16940-66-2,RẮN,Còn nguyên,,,B,,,
11/28/2024 15:51:01,A145,Hóa chất,,DISODIUM TETRABORATE DECAHYDRATE,Na2B4O7.10H2O,1303-96-4,RẮN,Còn nguyên,Tủ 1A-304B,,G,,,
11/29/2024 9:25:12,A146A,Hóa chất,,L-Ascorbic acid,C6H806,50-81-7,RẮN,Còn nguyên,Tủ 3B-304B,,D,,,
11/29/2024 9:24:46,A146B,Hóa chất,,L-Ascorbic acid,C6H806,50-81-7,RẮN,Còn nguyên,Tủ 3B-304B,,D,,,
11/29/2024 9:24:18,A146C,Hóa chất,,L-Ascorbic acid,C6H806,50-81-7,RẮN,Đã mở,Tủ 3B-304B,,D,,,
11/29/2024 9:23:51,A146D,Hóa chất,,L-Ascorbic acid,C6H806,50-81-7,RẮN,Còn nguyên,Tủ 3B-304B,,D,,,
11/29/2024 9:23:02,A146E,Hóa chất,,L-Ascorbic acid,C6H806,50-81-7,RẮN,Còn nguyên,Tủ 3B-304B,,D,,,
11/29/2024 9:22:05,A146F,Hóa chất,,L-Ascorbic acid,C6H806,50-81-7,RẮN,Còn nguyên,Tủ 3B-304B,,D,,,
01/06/2025,A146G,Hóa chất,,L-Ascorbic acid,C6H806,50-81-7,RẮN,Còn nguyên,Tủ 3B-304B,,D,,,
01/06/2025,A146H,Hóa chất,,L-Ascorbic acid,C6H806,50-81-7,RẮN,Còn nguyên,Tủ 3B-304B,,D,,,
01/06/2025,A146I,Hóa chất,,L-Ascorbic acid,C6H806,50-81-7,RẮN,Còn nguyên,Tủ 3B-304B,,D,,,
01/06/2025,A146J,Hóa chất,,L-Ascorbic acid,C6H806,50-81-7,RẮN,Đã mở,Tủ 3B-304B,,D,,,
01/06/2025,A146K,Hóa chất,,L-Ascorbic acid,C6H806,50-81-7,RẮN,Còn nguyên,Tủ 3B-304B,,D,,,
01/06/2025,A146L,Hóa chất,,L-Ascorbic acid,C6H806,50-81-7,RẮN,Còn nguyên,Tủ 3B-304B,,D,,,
11/29/2024 9:34:31,A147A,Hóa chất,,CITRIC ACID MONOHYDRATE,"C6H8O7,H2O",5949-29-1,RẮN,Đã mở,Tủ 3B-304B,,D,,,
11/29/2024 10:51:47,A147B,Hóa chất,KHÔNG,CITRIC ACID MONOHYDRATE,C6H8O7.H2O,5949-29-1,RẮN,Còn nguyên,Tủ 3B-304B,,D,,,
11/29/2024 10:05:47,A147C,Hóa chất,,CITRIC ACID MONOHYDRATE,C6H8O7.H2O,5949-29-1,RẮN,Đã mở,Tủ 3B-304B,,D,,,
11/29/2024 9:32:35,A147D,Hóa chất,,Citric acid Monohydrate,C6H8O7.H2O,5949-29-1,RẮN,Còn nguyên,Tủ 3B-304B,,D,,,
11/29/2024 9:31:31,A147E,Hóa chất,,CITRIC ACID MONOHYDRATE,C6H8O7.H2O,5949-29-1,RẮN,Còn nguyên,Tủ 3B-304B,,D,,,
11/29/2024 9:30:23,A147F,Hóa chất,,Citric acid Monohydrate,C6H8O7.H2O,5949-29-1,RẮN,Đã mở,Tủ 3B-304B,,D,,,
11/29/2024 8:22:12,A147G,Hóa chất,,Citric acid monohydrate,C6H8O7.H2O,5949-29-1,RẮN,Còn nguyên,Tủ 3B-304B,,D,,,
11/29/2024 9:38:04,A147H,Hóa chất,,Citric acid monohyrate,C6H8O7.H2O,5949-29-1,RẮN,Đã mở,Tủ 3B-304B,,D,,,
11/29/2024 8:34:29,A148,Hóa chất,,SALICYLIC ACID,C7H6O3,69-72-7,RẮN,Đã mở,Tủ 3B-304B,,D,,,
11/29/2024 9:48:09,A149A,Hóa chất,KHÔNG,OXALIC ACID DIHYDRATE,C2H2O4. 2H2O,6153-56-6,RẮN,Đã mở,Tủ 3B-304B,,D,,,
11/29/2024 9:27:28,A149B,Hóa chất,,OXALIC ACID DIHYDRATE,C2H2O4.2H2O,6153-56-6,RẮN,Còn nguyên,Tủ 3B-304B,,D,,,
01/06/2025,A149C,Hóa chất,,OXALIC ACID DIHYDRATE,C2H2O4.2H2O,6153-56-6,RẮN,Còn nguyên,Tủ 3B-304B,,D,,,
11/29/2024 9:23:18,A150B,Hóa chất,,"3,5 DINITROSALICYLIC ACID, Hi-AR tm",C7H4N207,609-99-4,RẮN,Còn nguyên,Tủ 3B-304B,,D,,,
01/06/2025,A150B,Hóa chất,,"3,5 DINITROSALICYLIC ACID, Hi-AR tm",C7H4N207,609-99-4,RẮN,Còn nguyên,Tủ 3B-304B,,D,,,
11/29/2024 9:29:45,A151A,Hóa chất,KHÔNG,L(+) - TARTARIC ACID,C4H6O6,87-69-4,RẮN,Đã mở,Tủ 3B-304B,,D,,,
11/29/2024 9:29:45,A151B,Hóa chất,KHÔNG,L(+) - TARTARIC ACID,C4H6O6,87-69-4,RẮN,Đã mở,Tủ 3B-304B,,D,,,
11/29/2024 10:33:26,A152,Hóa chất,"AXIT BUTANEDIOIC, MUỐI NATRI","BUTANEDIOIC ACID, SODIUM SALT",không,150-90-3,RẮN,Đã mở,Tủ 3B-304B,,D,,,
11/29/2024 8:03:46,A153,Hóa chất,,ETHYLENEDIAMINE TETRAACETIC ACID,C10H16N2O8,60-00-4,RẮN,Đã mở,Tủ 3B-304B,,G,,,
11/29/2024 10:14:28,A154,Hóa chất,,TRICHCLOROACETIC ACID,CCL3COOH,76-03-9,RẮN,Đã mở,,,D,,Đã mở,
11/29/2024 9:30:36,A155,Hóa chất,"axit 3,4,5-trihydroxybenzoic","3,4,5-trihydroxybenzoic acid",C7H6O.H5O2,5995-86-8,RẮN,Đã mở,Tủ 3B-304B,,D,,,
01/06/2025,A156,Hóa chất,,QUERCETIN,C15H10O7.2H20,6151-25-3,RẮN,Đã mở,Tủ 3C-304B,,G,,,
11/29/2024 8:16:01,A157A,Hóa chất,,DEXTROSE MONOHYDRATE,,,RẮN,Đã mở,Tủ 4C-305B,,MT,,,
11/29/2024 10:08:58,A157B,Hóa chất,,DEXTROSE (MONOHYDRATE),0,0,RẮN,Đã mở,Tủ 4B-305B,,MT,,,
11/29/2024 10:51:34,A158A,Hóa chất,,TRIS,C4H11NO3,77-86-1,rắn,Còn nguyên,Tủ 2C-304B,,G,,,
11/29/2024 9:42:38,A158B,Hóa chất,,TRIS(HYDROXYMETHYL)AMINOMETHANE,H2NC(CH2OH)3,77-86-1,RẮN,Còn nguyên,Tủ 2C-304B,,G,,,
11/29/2024 10:35:11,A159A,Hóa chất,Bộ nhuộm gram,,không,,lỏng,Đã mở,Tủ 4B-305B,,MT,,,
11/29/2024 8:12:45,A159B,Hóa chất,bộ nhuộm gram,Gram stain kit,0,0,lỏng,Còn nguyên,Tủ 4B-305B,,G,,,
11/29/2024 9:20:56,A160A,Hóa chất,,SUCROSE,C12H22O11,57-50-1,RẮN,Đã mở,Tủ 4B-305B,,MT,,,
11/29/2024 9:54:17,A160B,Hóa chất,,SUCROSE,C12H22O11,57-50-1,RẮN,Đã mở,Tủ 4B-305B,,MT,,,
11/29/2024 9:39:24,A160C,Hóa chất,,Sucrose,C12H22O11,57-50-1,RẮN,Đã mở,Tủ 4B-305B,,MT,,,
11/29/2024 8:40:45,A160D,Hóa chất,,Sucrose,C12H22O11,57-50-1,RẮN,Còn nguyên,Tủ 4B-305B,,MT,,,
11/29/2024 8:39:12,A160E,Hóa chất,,Sucrose,C12H22O11,57-50-1,RẮN,Còn nguyên,Tủ 4B-305B,,MT,,,
11/29/2024 9:36:30,A161A,Hóa chất,KHÔNG,DEXTRIN,(C6H10O5)n.xH20,9004-53-9,RẮN,Đã mở,Tủ 4B-305B,,MT,,,
11/29/2024 8:24:52,A161B,Hóa chất,,Dextrin,(C6H10O5)n.xH21,9004-53-9,RẮN,Đã mở,Tủ 4B-305B,,MT,,,
11/29/2024 8:40:00,A162A,Hóa chất,,PEPTONE,0,73049-73-7,RẮN,Còn nguyên,Tủ 4C-305B,,MT,,,
11/29/2024 9:49:34,A162B,Hóa chất,,PEPTONE,không,73049-73-7,rắn ,Đã mở,Tủ 4C-305B,,MT,,,
11/29/2024 10:47:38,A162C,Hóa chất,,PEPTONE,không,73049-73-7,rắn,Đã mở,Tủ 4C-305B,,MT,,,
11/29/2024 10:43:21,A162D,Hóa chất,,PEPTONE ( PANCREA),không,73049-73-7,rắn,Đã mở,Tủ 4C-305B,,MT,,,
11/29/2024 9:27:01,A162E,Hóa chất,,PEPTONE,0,73049-73-7,RẮN,Còn nguyên,Tủ 4C-305B,,MT,,,
11/29/2024 8:33:13,A162F,Hóa chất,,PEPTONE,0,73049-73-7,RẮN,Đã mở,Tủ 4C-305B,,MT,,,
11/29/2024 8:32:50,A162G,Hóa chất,,PEPTONE,0,73049-73-7,RẮN,Đã mở,Tủ 4C-305B,,MT,,,
11/29/2024 8:31:21,A162H,Hóa chất,,PEPTONE,0,73049-73-7,RẮN,Đã mở,Tủ 4C-305B,,MT,,,
11/29/2024 8:30:02,A162I,Hóa chất,,PEPTONE,0,73049-73-7,RẮN,Đã mở,Tủ 4C-305B,,MT,,,
11/29/2024 8:27:44,A162J,Hóa chất,,PEPTONE,0,73049-73-7,RẮN,Đã mở,Tủ 4C-305B,,MT,,,
11/29/2024 8:28:28,A162K,Hóa chất,,PEPTONE,0,73049-73-7,RẮN,Đã mở,Tủ 4C-305B,,MT,,,
11/29/2024 8:28:28,A162L,Hóa chất,,PEPTONE ,0,73049-73-7,RẮN,Đã mở,Tủ 4C-305B,,MT,,,
11/29/2024 8:30:53,A163A,Hóa chất,,STARCH SOLUBLE,(C6H10O5)n,9005-84-9,RẮN,Còn nguyên,Tủ 4D-305B,,MT,,,
11/29/2024 9:32:02,A163B,Hóa chất,,STARCH SOLUBLE,(C6H10O5)n,9005-84-9,RẮN,Đã mở,Tủ 4D-305B,,MT,,Đã mở,
11/29/2024 10:38:56,A163C,Hóa chất,,STARCH SOLUBLE,(C6H10O5)n,9005-84-9,RẮN,Đã mở,Tủ 4D-305B,,MT,,,
11/29/2024 10:22:45,A163D,Hóa chất,,STARCH SOLUBLE,(C6H10O5)n,9005-84-9,rắn,Đã mở,Tủ 4D-305B,,MT,,,
11/28/2024 17:01:03,A163E,Hóa chất,,STARCH SOLUBLE,(C6H10O5)n,9005-84-9,rắn,Còn nguyên,Tủ 4D-305B,,MT,,,
11/28/2024 17:00:15,A163F,Hóa chất,,Starch soluble,(C6H10O5)n,9005-84-9,rắn,Còn nguyên,Tủ 4D-305B,,G,,,
11/28/2024 16:59:31,A163G,Hóa chất,,Starch soluble,(C6H10O5)n,9005-84-9,rắn,Còn nguyên,Tủ 4D-305B,,G,,,
11/28/2024 16:58:50,A163H,Hóa chất,,Starch soluble,(C6H10O5)n,9005-84-9,rắn,Còn nguyên,Tủ 4D-305B,,G,,,
11/28/2024 16:57:52,A163I,Hóa chất,,Starch soluble,(C6H10O5)n,9005-84-9,rắn,Còn nguyên,Tủ 4D-305B,,G,,,
11/28/2024 16:57:09,A163J,Hóa chất,,Starch soluble,(C6H10O5)n,9005-84-9,rắn,Còn nguyên,Tủ 4D-305B,,G,,,
11/28/2024 16:56:37,A163K,Hóa chất,,Starch soluble,(C6H10O5)n,9005-84-9,rắn,Còn nguyên,Tủ 4D-305B,,G,,,
11/28/2024 16:56:01,A163L,Hóa chất,,Starch soluble,(C6H10O5)n,9005-84-9,rắn,Còn nguyên,Tủ 4D-305B,,G,,,
11/28/2024 16:55:24,A163M,Hóa chất,,Starch soluble,(C6H10O5)n,9005-84-9,rắn,Còn nguyên,Tủ 4D-305B,,MT,,,
11/28/2024 16:54:43,A163N,Hóa chất,,Starch soluble,(C6H10O5)n,9005-84-9,Rắn,Còn nguyên,Tủ 4D-305B,,MT,,,
11/28/2024 16:54:06,A163O,Hóa chất,,Starch soluble,(C6H10O5)n,9005-84-9,rắn,Còn nguyên,Tủ 4D-305B,,MT,,,
11/28/2024 16:53:28,A163P,Hóa chất,,Starch soluble,(C6H10O5)n,9005-84-9,rắn,Còn nguyên,Tủ 4D-305B,,MT,,,
11/28/2024 16:52:52,A163Q,Hóa chất,,Starch soluble,(C6H10O5)n,9005-84-9,rắn,Còn nguyên,Tủ 4D-305B,,MT,,,
11/28/2024 16:50:56,A163R,Hóa chất,,Starch soluble,(C6H10O5)n,9005-84-9,rắn,Còn nguyên,Tủ 4D-305B,,MT,,,
11/28/2024 16:50:20,A163S,Hóa chất,,Starch soluble,(C6H10O5)n,9005-84-9,rắn,Còn nguyên,Tủ 4D-305B,,MT,,,
11/29/2024 9:36:17,A164A,Hóa chất,,D-GLUCOSE,C6H12O6.H2O,5996-10-1,RẮN,Đã mở,Tủ 3C-304B,,G,,,
11/29/2024 9:35:20,A164B,Hóa chất,,D-GLUCOSE,C6H12O6.H2O,5996-10-1,RẮN,Đã mở,Tủ 3C-304B,,G,,,
11/29/2024 9:28:14,A164C,Hóa chất,,D-GLUCOSE,C6H12O6.H2O,5996-10-1,RẮN,Đã mở,Tủ 3C-304B,,G,,,
11/29/2024 9:37:41,A164D,Hóa chất,,D-GLUCOSE,C6H1206.H2O,5995-10-1,RẮN,Đã mở,Tủ 3C-304B,,G,,,
11/29/2024 9:51:40,A164E,Hóa chất,,D-GLUCOSE, C6H12O6.H2O,5996-10-1,RẮN,Đã mở,Tủ 3C-304B,,G,,,
11/29/2024 10:41:19,A165A,Hóa chất,,alpha-lactose monohydrate ,C12H22O11.H2O,5989-81-1,rắn,Đã mở,Tủ 4A-305B,,MT,,,
11/29/2024 10:41:19,A165B,Hóa chất,,alpha-lactose monohydrate ,C12H22O11.H2O,5989-81-1,rắn,Đã mở,Tủ 4A-305B,,MT,,,
11/29/2024 10:49:39,A166,Hóa chất,,alpha-lactose,C12H22O11.H2O,10039-26-6,rắn,Đã mở,Tủ 3C-304B,,G,,,
11/29/2024 9:47:39,A167,Hóa chất,,Triton X-100,t-Oct-C6H4-(OCH2CH2)xOH,9002-93-1,lỏng ,Còn nguyên,Tủ 2C-304B,,G,,,
11/29/2024 10:28:54,A168A,Hóa chất,,Phenol,C6H6O,108-95-2,rắn,Đã mở,Tủ 2C-304B,,G,,,
11/29/2024 10:26:25,A168B,Hóa chất,,Phenol,C6H6O,108-95-2,rắn,Còn nguyên,Tủ 2C-304B,,G,,,
01/21/2025,A168C,Hóa chất,,Phenol,C6H6O,108-95-2,LỎNG,Đã mở,Tủ 2D-304B,,G,,,
11/29/2024 9:55:34,A169A,Hóa chất,Bromocresol xanh (BCG),BROMOCRESOL GREEN,C21H14O5BR4S,KHÔNG,RẮN,Đã mở,Tủ 3C-304B,,G,,,
01/14/2025,A169B,Hóa chất,Bromocresol xanh (BCG),BROMOCRESOL GREEN,C21H14O5BR4S,KHÔNG,RẮN,Đã mở,Tủ 3C-304B,,G,,,
01/14/2025,A169BE,Hóa chất,Bromocresol xanh (BCG),BROMOCRESOL GREEN,C21H14O5BR4S,KHÔNG,RẮN,Đã mở,Tủ 3C-304B,,G,,,
01/14/2025,A169C,Hóa chất,Bromocresol xanh (BCG),BROMOCRESOL GREEN,C21H14O5BR4S,KHÔNG,RẮN,Đã mở,Tủ 3C-304B,,G,,,
01/14/2025,A169D,Hóa chất,Bromocresol xanh (BCG),BROMOCRESOL GREEN,C21H14O5BR4S,KHÔNG,RẮN,Đã mở,Tủ 3C-304B,,G,,,
11/29/2024 10:10:43,A170A,Hóa chất,"thuốc thử Feulgen, thuốc thử Schiff",Basic Fuchsin,KHÔNG,KHÔNG,RẮN,Còn nguyên,Tủ 3C-304B,,G,,,
01/14/2025,A170B,Hóa chất,"thuốc thử Feulgen, thuốc thử Schiff",Basic Fuchsin,KHÔNG,KHÔNG,RẮN,Còn nguyên,Tủ 3C-304B,,G,,,
01/14/2025,A170C,Hóa chất,"thuốc thử Feulgen, thuốc thử Schiff",Basic Fuchsin,KHÔNG,KHÔNG,RẮN,Còn nguyên,Tủ 3C-304B,,G,,,
11/29/2024 9:57:07,A171,Hóa chất,KHÔNG,PIRACETAM EGIS,KHÔNG,KHÔNG,RẮN,Đã mở,Tủ 3C-304B,,G,,,
11/29/2024 10:09:47,A172,Hóa chất,KHÔNG ,NINHYDRIN,C9H4O3.H2O,485-47-2,RẮN,Đã mở,Tủ 3C-304B,,G,,,
11/29/2024 10:06:10,A172A,Hóa chất,,D-BOTIN,C10H16N2O3S,58-85-5,RẮN,Còn nguyên,Tủ 3C-304B,,G,,,
11/29/2024 10:18:26,A172B,Hóa chất,,D-BOTIN,C10H16N2O3S,58-85-5,rắn,Còn nguyên,Tủ 3C-304B,,G,,,
11/29/2024 9:56:42,A173,Hóa chất,,CARBOXYMETHY CELLUSOSE,KO,KO,RẮN,Còn nguyên,Tủ 2C-304B,,G,,,
11/29/2024 8:36:41,A173B,Hóa chất,CMC,"Carboxymethyl cellulose, sodium salt, average",KHÔNG,9004-32-4,RẮN,Còn nguyên,Tủ 4C-305B,,MT,,,
11/29/2024 10:14:54,A174A,Hóa chất,,YEAST,0,0,RẮN,Đã mở,Tủ 4B-305B,,MT,,,
11/29/2024 10:12:02,A174B,Hóa chất,,YEAST EXTRACT POWDER ,KHÔNG,KHÔNG,RẮN,Còn nguyên,Tủ 4B-305B,,MT,,,
11/29/2024 10:14:35,A174C,Hóa chất,,YEAST EXTRACT POWDER ,0,0,RẮN,Còn nguyên,Tủ 4B-305B,,MT,,,
11/29/2024 10:36:42,A175,Hóa chất,,AMONI SULFATE AMMONIUM SULFATE ,(NH4)2SO4,KHÔNG,RẮN,Đã mở,Tủ 2C-304B,,G,,,
11/29/2024 10:28:17,A176,Hóa chất,KHÔNG,PUMICE STONE GRANULAR - PIERRE PONE GRANULES- BIMSSTEIN- GRANULAT,KHÔNG,1332-09-8,RẮN ,Đã mở,Tủ 2C-304B,,G,,,
11/28/2024 16:41:14,A177,Hóa chất,,Hexaammonium heptamolybdate tetrahydrate,(NH4)6Mo7O24.4H2O,12054-85-2,Rắn,Còn nguyên,Tủ 2C-304B,,G,,,
11/29/2024 10:19:54,A178,Hóa chất,KHÔNG,LAURYL TRYPTOSE BROTH,KHÔNG,KHÔNG,RẮN,Đã mở,Tủ 4B-305B,,MT,,,
11/29/2024 10:18:35,A179A,Hóa chất,KHÔNG,MEAT EXTRACT POWDER,KHÔNG,KHÔNG,RẮN,Đã mở,Tủ 4B-305B,,MT,,,
11/29/2024 8:16:38,A179B,Hóa chất,,Meat Extract powder,0,,rắn,Còn nguyên,Tủ 4B-305B,,MT,,,
11/29/2024 10:25:20,A181A,Hóa chất,KHÔNG,AMMONIUM PERSULFATE,(NH4)2S2O8,7727-54-0,RẮN,Đã mở,Tủ 1D-304B,,G,,,
11/29/2024 9:36:54,A181B,Hóa chất,,ammonium persulfate,(NH4)2F2O8,7727-54-0,rắn ,Đã mở,Tủ 1D-304B,,G,,,
11/29/2024 10:00:56,A182A,Hóa chất,Muối mật,BILE SALTS,0,41945-48-6,RẮN,Đã mở,Tủ 2D-304B,,G,,,
11/29/2024 10:00:41,A182B,Hóa chất,Muối mật,BILE SALTS,0,41945-48-6,RẮN,Còn nguyên,Tủ 2D-304B,,G,,,
01/16/2025,A183A,Hóa chất,CỒN 98°,ETHANOL 98°,C2H5OH,64-17-5,LỎNG,Đã mở,Tủ L-304B,,L,,Đang mượn,
01/16/2025,A183B,Hóa chất,CỒN 98°,ETHANOL 98°,C2H5OH,64-17-5,LỎNG,Đã mở,Tủ L-304B,,L,,,
01/16/2025,A183C,Hóa chất,CỒN 98°,ETHANOL 98°,C2H5OH,64-17-5,LỎNG,Đã mở,Tủ L-304B,,L,,,
11/29/2024 9:33:38,A184,Hóa chất,,GELATIN,0,9000-70-8,RẮN,Còn nguyên,Tủ 4A-305B,,MT,,,
11/29/2024 8:21:31,A185A,Hóa chất,Nước dùng mật xanh Brilliant 2%,Brilliant green bile broth 2%,0,0,rắn,Đã mở,Tủ 4A-305B,,MT,,,
11/29/2024 8:21:31,A185B,Hóa chất,Nước dùng mật xanh Brilliant 2%,Brilliant green bile broth 2%,0,0,rắn,Còn nguyên,Tủ 4A-305B,,MT,,,
11/29/2024 8:13:23,A186,Hóa chất,,tryptone soya agar,0,0,rắn,Còn nguyên,Tủ 4B-305B,,MT,,,
11/29/2024 8:30:50,A187,Hóa chất,,Peptone from meat,0,91079-38-8,RẮN,Đã mở,Tủ 4B-305B,,MT,,,
11/29/2024 8:26:13,A188,Hóa chất,,POTATO DEXTROSE AGAR,0,0,RẮN,Đã mở,Tủ 4B-305B,,MT,,,
11/29/2024 8:08:10,A189,Hóa chất,,SABOURAUD DEXTROSE AGAR,0,0,RẮN,Còn nguyên,Tủ 4B-305B,,MT,,,
11/29/2024 8:19:17,A190,Hóa chất,,TCBS Agar ( selective ),00,0,rắn,Còn nguyên,Tủ 4A-305B,,MT,,,
11/29/2024 8:19:50,A191,Hóa chất,,tryptone soya broth,0,0,rắn,Còn nguyên,Tủ 4A-305B,,MT,,,
11/29/2024 7:57:36,A192,Hóa chất,,HEKTOEN ENTERIC AGAR,KHÔNG CÓ,KHÔNG CÓ,RẮN,Đã mở,Tủ 4A-305B,,MT,,,
11/29/2024 8:10:20,A193,Hóa chất,,"MAcCONKEY AGAR W/ 0.15% BILE SALTS, CV & NACL",0,0,RẮN,Đã mở,Tủ 4A-305B,,MT,,,
11/29/2024 8:15:40,A194A,Hóa chất,,mueller hinton agar,0,0,rắn,Đã mở,Tủ 4A-305B,,MT,,,
11/29/2024 8:08:44,A194B,Hóa chất,,MUELLER HINTON AGAR,0,0,RẮN,Đã mở,Tủ 4A-305B,,MT,,,
11/29/2024 8:15:09,A195,Hóa chất,,nutrient agar,0,0,rắn,Đã mở,Tủ 4A-305B,,MT,,Đã mở,
11/29/2024 8:11:35,A196,Hóa chất,,Modified Thayer Martin Medium Base,0,0,rắn,Còn nguyên,Tủ 4A-305B,,MT,,,
11/29/2024 8:20:37,A197,Hóa chất,,"Czapek Dox Agar , Granulated",0,0,rắn,Còn nguyên,Tủ 4A-305B,,MT,,,
01/16/2025,A198,Hóa chất,,Chocolate No.2 Agar Base,,,Rắn,Còn nguyên,Tủ 4A-305B,,MT,,,
01/16/2025,A199,Hóa chất,,di-Sodium-B-glycerophosphate,C3H7Na2O6P,819-83-0,,Còn nguyên,Tủ 4A-305B,,MT,,,
11/29/2024 8:04:14,A200A,Hóa chất,,Casein,KHÔNG CÓ,9000-71-9,RẮN,Còn nguyên,Tủ 4A-305B,,MT,,,
11/29/2024 8:22:36,A200B,Hóa chất,,casein,0,9000-71-9,rắn,Còn nguyên,Tủ 4A-305B,,MT,,,
11/29/2024 9:30:12,A201,Hóa chất,,GLUCOSE ANHYDROUS,C6H12O6,50-99-7,RẮN,Còn nguyên,Tủ 4A-305B,,MT,,,
11/29/2024 9:49:30,A202,Hóa chất,,IRON (III) OXIDE,FE2O3,1309-37-1,RẮN,Còn nguyên,Tủ 1D-304B,,G,,,
11/29/2024 8:27:05,A203A,Hóa chất,,CHLORAMPHENICOL,C11H12Cl2N2O5,56-75-7,RẮN,Đã mở,Tủ 1D-304B,,G,,,
11/29/2024 8:25:27,A203B,Hóa chất,,CHLORAMPHENICOL,C11H12Cl2N2O5,56-75-7,RẮN,Đã mở,Tủ 1D-304B,,G,,,
11/29/2024 8:32:08,A203C,Hóa chất,,CHLORAMPHENICOL,0,56-75-7,RẮN,Đã mở,Tủ 1D-304B,,G,,,
11/29/2024 10:30:39,A204,Hóa chất,,SODIUM DODECYL SULFATE,C12H25NaO4S,151-21-3,rắn,Đã mở,Tủ 1A-304B,,G,,,
11/29/2024 10:45:12,A205,Hóa chất,,"Calcium Phosphate monobasic, 90%, pure",không,7758-23-8,rắn,Còn nguyên,Tủ 2D-304B,,G,,,
11/29/2024 9:35:49,A206A,Hóa chất,,Sodium acetate anhydrous,CH3COONa,127-09-3,rắn ,Đã mở,Tủ 1A-304B,,G,,,
11/29/2024 9:25:14,A206B,Hóa chất,,sodium acetate anhydrous,CH3COONa,127-09-3,rắn,Đã mở,Tủ 1A-304B,,G,,,
11/29/2024 9:20:53,A206C,Hóa chất,,Sodium acetate anhydrous,CH3COONa,127-09-3,rắn,Đã mở,Tủ 1D-304B,,G,,,
11/29/2024 7:53:16,A207A,Hóa chất,,SILICA GEL SELF INDICATOR,,112926-00-8,RẮN,Đã mở,Tủ 2D-304B,,G,,,
11/29/2024 7:59:46,A207B,Hóa chất,,SILICA GEL SELF INDICATOR,,112926-00-8,RẮN,Đã mở,Tủ 2D-304B,,G,,,
11/29/2024 8:01:34,A207C,Hóa chất,,SILICA GEL SELSELF INDICATOR,CP,112926-00-8,RẮN,Đã mở,Tủ 2D-304B,,G,,,
11/29/2024 9:40:28,A208,Hóa chất,,sodium hypophosphite monohyrate,NaH2PO2.H2O,7681-53-0,rắn,Còn nguyên,Tủ 1A-304B,,G,,,
11/29/2024 10:32:16,A209,Hóa chất,,Lithium Chloride monohydrate,LiCl.H2O,16712-20-2,rắn,Đã mở,Tủ 2C-304B,,G,,,
11/29/2024 8:05:37,A210,Hóa chất,,METAPHOSPHORIC ACID,KHÔNG CÓ,,RẮN ,Đã mở,Tủ 1B-304B,,F,,,
11/29/2024 9:39:09,A211,Hóa chất,,Sodium Hydrogen Sulfite,NaHSO3,7631-90-5,Rắn,Còn nguyên,Tủ 1A-304B,,G,,,
11/28/2024 16:21:54,A212,Hóa chất,,Sodium  hypochlorite solution,NaClO,7681-52-9,lỏng,Còn nguyên,Tủ 1D-304B,,F,,,
11/29/2024 9:33:50,A213,Hóa chất,,Barium Hydroxide octahydrate,Ba(OH)2.8H2O,12230-71-6,rắn,Đã mở,Tủ 2A-304B,,C,,,
11/29/2024 9:58:46,A214,Hóa chất,KHÔNG,"SAND, WHITE FINE",SIO2,#14808-60-7,RẮN,Đã mở,Tủ 1D-304B,,G,,,
11/29/2024 9:35:33,A215A,Hóa chất,KHÔNG,UREA,H2NCONH2,57-13-6,RẮN,Đã mở,Tủ 2C-304B,,G,,,
11/29/2024 9:24:59,A215B,Hóa chất,KHÔNG,UREA,H2NCONH2,57-13-6,RẮN,Còn nguyên,Tủ 2C-304B,,G,,,
11/29/2024 9:28:23,A216,Hóa chất,,aluminium sulfate otadecahydrate,Al2(SO4)3.18H20,7784-31-8,RẮN,Đã mở,Tủ 2C-304B,,G,,,
01/21/2025,A217,Hóa chất,,Perchloric Acid,HCLO4,7601-90-3,LỎNG,Còn nguyên,Tủ 1B-304B,,F,,,
01/21/2025,A218A,Hóa chất,,TWEEN 20,C58H114O26,9005-64-5,LỎNG,Còn nguyên,Tủ 2D-304B,,G,,,
01/21/2025,A218B,Hóa chất,,TWEEN 20,C58H114O26,9005-64-5,LỎNG,Còn nguyên,Tủ 2D-304B,,G,,,
01/21/2025,A219,Hóa chất,,N N Dimethylformamide,HCON(CH3)2,68-12-2,LỎNG,,Tủ L-304B,,L,,,
01/21/2025,A220,Hóa chất,,Methanol,CH3OH,67-56-1,LỎNG,Đã mở,Tủ L-304B,,L,,Hết,
01/21/2025,A221,Hóa chất,,n-BUTANOL,CH3(CH2)2CH2OH,71-36-3,LỎNG,Còn nguyên,Tủ L-304B,,L,,,
01/21/2025,A222,Hóa chất,,CARBON TETRACHLORIDE,CCL4,56-23-5,LỎNG,,Tủ 2D-304B,,G,,,
2/26/2025 14:28:58,A223A,Hóa chất,Petroleum ether 30-60,Petroleum ether 30-60,N,8032-32-4,lỏng,Còn nguyên,Tủ L-304B,,,,,
2/26/2025 14:31:36,A223B,Hóa chất,Petroleum ether 30-60,Petroleum ether 30-60,N,8032-32-4,LỎNG,Còn nguyên,Tủ L-304B,,,,,
2/26/2025 14:32:34,A223C,Hóa chất,Petroleum ether 30-60,Petroleum ether 30-60,N,8032-32-5,LỎNG,Còn nguyên,Tủ L-304B,,,,,
2/26/2025 14:34:09,A223D,Hóa chất,Petroleum ether 30-60,Petroleum ether 30-60,N,8032-32-4,LỎNG,Còn nguyên,Tủ L-304B,,,,,
2/26/2025 14:34:49,A223E,Hóa chất,Ete dầu mỏ 30-60, Petroleum ether 30-60,N,8032-32-4 ,LỎNG,Còn nguyên,Tủ L-304B,,,,,
2/26/2025 14:35:42,A223E,Hóa chất,Ete dầu mỏ 30-61, Petroleum ether 30-60,N,8032-32-4 ,LỎNG,Còn nguyên,Tủ L-304B,,,,,
2/26/2025 14:36:31,A223F,Hóa chất,Ete dầu mỏ 30-62, Petroleum ether 30-60,N,8032-32-4,LỎNG,Còn nguyên,Tủ L-304B,,,,,
2/26/2025 14:37:29,A223G,Hóa chất,Ete dầu mỏ 30-63, Petroleum ether 30-60,N,8032-32-4 ,LỎNG,Đã mở,Tủ L-304B,,,,,
2/26/2025 14:39:15,A223H,Hóa chất,Ete dầu mỏ 30-64, Petroleum ether 30-60,N,8032-32-4 ,LỎNG,Đã mở,Tủ L-304B,,,,,
2/26/2025 14:39:53,A223I,Hóa chất,Ete dầu mỏ 30-65, Petroleum ether 30-60,N,8032-32-4 ,LỎNG,Đã mở,Tủ L-304B,,,,,
2/26/2025 14:38:14,A223K,Hóa chất,Ete dầu mỏ 30-66, Petroleum ether 30-60,N,8032-32-4 ,LỎNG,Đã mở,Tủ L-304B,,,,,
2/26/2025 14:40:47,A223L,Hóa chất,Ete dầu mỏ 30-67, Petroleum ether 30-60,N,8032-32-4 ,LỎNG,Còn nguyên,Tủ L-304B,,,,,
2/26/2025 14:41:27,A223M,Hóa chất, Petroleum ether 30-60,Petroleum ether 30-60,N,8032-32-4,LỎNG,Còn nguyên,Tủ L-304B,,,,,
2/26/2025 14:43:39,A224,Hóa chất,Tert-Butyl alcohol,Tert-Butyl alcohol,C4H10O,75-65-0,Lỏng,Còn nguyên,Tủ L-304B,,,,,
2/26/2025 14:45:10,A225,Hóa chất,,Guaiacol 99+%,C7H8O2,90-05-1,99%,Đã mở,Tủ L-304B,,,,,
2/26/2025 14:46:59,A226,Hóa chất,,"N,N-dimethylformamide",HCON(CH3)2,68-12-2,99.50%,Còn nguyên,Tủ L-304B,,,,,
01/06/2025,B1,Hóa chất,,PHENOLPHTHALEIN,,,,,Tủ L-304B,,,,,
01/06/2025,B10,Hóa chất,,Lead(II) acetate basic ,,,,,Tủ L-304B,,,,,
01/06/2025,B11,Hóa chất,,Citric acid monohyrate,,,,,Tủ L-304B,,,,,
01/06/2025,B12,Hóa chất,,COPPER (II) SUNLFATE PENTAHYDRATE,,,,,Tủ L-304B,,,,,
01/06/2025,B13,Hóa chất,,POTATO DEXTROSE AGAR,,,,,Tủ L-304B,,,,,
01/06/2025,B14,Hóa chất,,SILVER SULPHATE,,,,,Tủ L-304B,,,,,
01/06/2025,B15,Hóa chất,,iodine,,,,,Tủ L-304B,,,,,
01/06/2025,B16,Hóa chất,,POTASSIUM DICHROMATE,,,,,Tủ L-304B,,,,,
01/06/2025,B17,Hóa chất,,OXALIC ACID DIHYDRATE,,,,,Tủ L-304B,,,,,
01/06/2025,B18,Hóa chất,,MERCURY(II) SULFATE,,,,,Tủ L-304B,,,,,
01/06/2025,B2,Hóa chất,,SODIUM NITRITE,,,,,,,,,,
01/06/2025,B3,Hóa chất,,SODIUM ACETATE TRIHYDRATE,,,,,,,,,,
01/06/2025,B4,Hóa chất,,KALI PEMANGANAT,,,,,,,,,,
01/06/2025,B5,Hóa chất,,SODIUM SUNFATE ANHYDROUS,,,,,,,,,,
01/06/2025,B6,Hóa chất,,Starch soluble,,,,,,,,,,
01/06/2025,B7,Hóa chất,,IRON (III) SULFATE,Fe2(SO4)3,,,,,,,,,
01/06/2025,B8,Hóa chất,,POTASSIUM IODIDE,,,,,,,,,,
01/06/2025,B9,Hóa chất,,KALI CLORUA POTASSIUM CHLORIDE,,,,,Tủ L-304B,,,,,
11/29/2024 8:18:25,,Hóa chất,,di- Sodium-B-glycerophosphate,C3H7Na2O6P,819-83-0l,rắn,Còn nguyên,305 - G,,MT,,,
11/29/2024 10:47:07,,Hóa chất,KHÔNG,PEPTONE,KHÔNG,KHÔNG,RẮN ,Đã mở,305 - G,,MT,,,
11/29/2024 9:45:01,,Hóa chất,,PEPTONE,không,73049-73-7,rắn,Đã mở,305 - G,,MT,,,
11/28/2024 16:49:15,,Hóa chất,,Starch soluble,(C6H10O5)n,9005-84-9,rắn,Còn nguyên,305 - G,,MT,,,
11/28/2024 16:48:34,,Hóa chất,,Starch soluble,(C6H10O5)n,9005-84-9,rắn,Còn nguyên,305 - G,,MT,,,
11/28/2024 16:47:55,,Hóa chất,,Starch soluble,(C6H10O5)n,9005-84-9,rắn,Còn nguyên,305 - G,,MT,,,
11/28/2024 16:46:21,,Hóa chất,,Starch soluble,(C6H10O5)n,9005-84-9,rắn,Còn nguyên,305 - G,,MT,,,
11/28/2024 16:37:44,,Hóa chất,,Starch soluble ,(C6H10O5)n,9005-84-9,rắn,Còn nguyên,305 - G,,MT,,,
11/28/2024 16:16:11,,Hóa chất,,Strarch soluble,(C6H10O5)n,9005-84-9,rắn,Còn nguyên,305 - G,,MT,,,
11/29/2024 8:29:31,,Hóa chất,,ALPHA LATOSE M0NOHYDRATE,C12H22O11.H2O,5989-81-1,RẮN,Còn nguyên,,,G,,,
11/28/2024 16:43:30,,Hóa chất,,AMMONIUM CHLORIDE,NH4CI,12125-02-9,rắn,Còn nguyên,,,G,,,
11/29/2024 9:38:37,,Hóa chất,,Ammonium ferric sulfate,NH4Fe(SO4).2H2O,7783-83-7,Rắn,Đã mở,,,G,,,
11/29/2024 10:52:36,,Hóa chất,,AMONI SUNFAT AMMONIUM ,(NH4)2SO4,KHÔNG,RẮN,Đã mở,,,G,,,
11/29/2024 8:17:34,,Hóa chất,Benzyl benzoat,Benzyl benzoate,C14H12O2,không,LỎNG,Còn nguyên,,,G,,,
11/29/2024 9:39:03,,Hóa chất,Axit Boric,Boric Acid,H3BO3,10043-35-3 ,rắn,Còn nguyên,,,G,,,
11/29/2024 9:38:22,,Hóa chất,Axit Boric,Boric Acid,H3BO3,10043-35-3 ,Rắn,Còn nguyên,,,G,,,
11/29/2024 9:36:53,,Hóa chất,Axit Boric,Boric Acid,H3BO3,10043-35-3 ,RẮN,Còn nguyên,,,G,,,
11/29/2024 10:29:54,,Hóa chất,CANXI CLORUA KHAN,CALCIUM HLORIDE ANHYDROUS,CACL2,10043-52-4,RẮN,Đã mở,,,G,,,
11/29/2024 10:11:20,,Hóa chất,,CMC,không,,rắn,Còn nguyên,,,G,,,
11/29/2024 9:37:03,,Hóa chất,,CMC,0,0,RẮN,Đã mở,,,G,,,
11/29/2024 9:36:44,,Hóa chất,,CMC,0,0,RẮN,Đã mở,,,G,,,
11/29/2024 9:36:26,,Hóa chất,,CMC,0,0,RẮN,Đã mở,,,G,,,
11/29/2024 9:36:05,,Hóa chất,,CMC,0,0,RẮN,Còn nguyên,,,G,,,
11/29/2024 8:20:07,,Hóa chất,,diphenylthiocarbazon,C6H5NHNHCSN : NC6H5,KHÔNG,rắn,Đã mở,,,G,,,
11/28/2024 15:53:53,,Hóa chất,Natri dodecyl sulfat,Dodecyl sulfate sodium salt,C12H25NaO4S,151-21-3,rắn,Còn nguyên,,,G,,,
11/28/2024 15:49:28,,Hóa chất,Natri dodecyl sulfat,Dodecyl sulfate sodium salt,C12H25NaO4S,151-21-3,rắn,Còn nguyên,,,G,,,
11/29/2024 10:18:19,,Hóa chất,,EISEN(III)-CHLORID 99% TECHNISCH,FECL3,0,RẮN,Đã mở,,,G,,,
11/29/2024 8:14:41,,Hóa chất,,emzyme pectinrase ( 1kg),0,0,rắn,Huỷ,,,G,,,
11/29/2024 10:13:00,,Hóa chất,KHÔNG,ENZYME PECTINASE,KHÔNG,KHÔNG,RẮN,Đã mở,,,G,,Đã mở,
11/29/2024 10:29:41,,Hóa chất,,ethylenediamine tetraaccetic acid,C19H16N2O8,,rắn,Đã mở,,,G,,,
11/29/2024 9:39:49,,Hóa chất,,ETHYLENEDIAMINE TETRAACETIC ACID DISODIUM SALT,C10H14N2O8Na2.2H2O,6381-92-6,RẮN,Đã mở,,,G,,,
11/29/2024 10:45:25,,Hóa chất,KHÔNG,IRON (II) SULFATE HEPTAHYDRATE,FESO4.7H2O,7782-63-0,RẮN,Đã mở,,,G,,,
11/29/2024 9:51:09,,Hóa chất,,IRON (II) SULFATE HEPTAHYDRATE,FESO4.7H2O,7782-63-0,RẮN,Còn nguyên,,,G,,,
11/29/2024 9:49:19,,Hóa chất,,KALI PEMANGANAT,KMNO4,0,rắn,Đã mở,,,E,,,
11/29/2024 9:24:17,,Hóa chất,,L- CYSTEINE,0,52-90-4,RẮN,Đã mở,,,G,,,
11/29/2024 9:34:30,,Hóa chất,,L-Cystine ,C3H7NO2S,56-89-3,rắn,Đã mở,,,G,,,
11/29/2024 9:52:03,,Hóa chất,KHÔNG,L(+)- ASCORBIC ACID,C6H8O6,50-81-7,RẮN,Còn nguyên,,,D,,,
11/29/2024 9:50:51,,Hóa chất,KHÔNG,L(+)- ASCORBIC ACID,C6H8O6,KHÔNG,RẮN,Đã mở,,,D,,,
11/29/2024 10:37:49,,Hóa chất,,L(+)-Ascorbic acid,C6H8O6,50-81-7,rắn,Còn nguyên,,,D,,,
11/29/2024 9:49:39,,Hóa chất,,L(+)-ASSCORBIC ACID,C6H8O6,50-81-7,RẮN,Còn nguyên,,,D,,,
11/28/2024 16:23:47,,Hóa chất,,Magie sunfat magnesium sulfate ,MgSO4.7H2O,7446-20-0,Rắn,Còn nguyên,,,G,,,
11/29/2024 10:07:01,,Hóa chất,KHÔNG,MAXIMUM IMPURITIES,KHÔNG,KHÔNG,RẮN,Đã mở,,,G,,,
11/29/2024 10:05:10,,Hóa chất,,OMONIUM FERRIC CITRATE,(NH4)3FEC12H10O14,1185-57-5,RẮN,Còn nguyên,,,G,,,
11/29/2024 7:58:12,,Hóa chất,,oxalic acid dihydrate,C2H2O4.2H2O,6153-56-6,RẮN,Đã mở,,,G,,,
11/29/2024 10:08:22,,Hóa chất,KHÔNG,POTASSIUM IODATE SOLUTION,KIO3,,LỎNG,Còn nguyên,,,G,,,
11/29/2024 9:19:57,,Hóa chất,,SILICA GEL SELF INDICATOR,SiO2.nH2O,112926-00-8,rắn,Còn nguyên,,,G,,,
11/29/2024 8:01:06,,Hóa chất,,SILICA GEL SELSELF INDICATOR,,112926-00-8,RẮN ,Đã mở,,,G,,,
11/29/2024 8:23:33,,Hóa chất,,silica gel with moisture,0,0,rắn,Đã mở,,,G,,,
11/29/2024 9:34:34,,Hóa chất,,SILVER NITRATE,AgNO3,7761-88-8,RẮN,Còn nguyên,,,G,,,
11/29/2024 9:46:51,,Hóa chất,Natri Clorua,Sodium Chloride,NaCl,0,RẮN,Đã mở,,,G,,,
11/29/2024 10:50:01,,Hóa chất,KHÔNG,SODIUM CHLORIDE,NACL,7647-14-5,RẮN,Đã mở,,,G,,,
11/29/2024 9:55:10,,Hóa chất,,Sodium Molybdate dihydrate,NaMoO4.2H2O,10102-40-6,RẮN,Đã mở,,,G,,,
11/29/2024 10:09:47,,Hóa chất,,SODIUM TRIPDYPHOSPHATE,Na5P3O10,0,RẮN,Đã mở,,,G,,,
11/29/2024 9:21:25,,Hóa chất,,Tartaric acid,C4H6O6,87-69-4,RẮN,Còn nguyên,,,D,,,
11/29/2024 9:46:13,,Hóa chất,,TETRAETHYL ORTHOSILICATE,C8H2004SI,78-10-4,LỎNG,Còn nguyên,,,G,,,
11/29/2024 9:28:23,,Hóa chất,,Trichloroacetic acid,C2HCl3O2,76-03-9,LỎNG,Đã mở,,,D,,,
11/29/2024 8:06:56,,Hóa chất,,Tris(hydroxymetyl)aminomethane,C4H11NO3,77-86-1,RAWNS,Còn nguyên,,,G,,,
11/28/2024 16:28:48,,Hóa chất,,Zinc chloride,ZnCl2,7646-85-7,rắn,Còn nguyên,,,G,,,